count,dirty_character,strongly_suggested,similarity,clean_character,weakly_suggested,similarities
1940,Holmes,Mycroft Holmes / Sherlock Holmes,"[1.6201736729460423, 1.597614304667197]",,"Mr. Holmes / Sherlock Holmes / Mr. Sherlock Holmes / Masser Holmes / Mycroft Holmes / U. S. A.""

Holmes / Mr. Busybody Holmes / Mr. Mycroft Holmes / Mr. Holmes [ / Master Holmes","[1.7453559924999298, 1.597614304667197, 1.52704627669473, 1.6454972243679027, 1.6201736729460423, 1.52704627669473, 1.52704627669473, 1.5423261445466405, 1.674199862463242, 1.6454972243679027]"
1015,Watson,John H. Watson / Mrs. Watson,"[1.6201736729460423, 1.7071067811865475]",,Mrs. Watson / Dr. Watson / John H. Watson,"[1.7071067811865475, 1.7453559924999298, 1.6201736729460423]"
678,Mr. Holmes,,,,Holmes / Mr. Sherlock Holmes / Mr. Busybody Holmes / Mr. Mycroft Holmes / Mr. Holmes [ / Mr. Homes,"[1.7453559924999298, 1.7071067811865475, 1.7071067811865475, 1.727606875108999, 1.9045340337332908, 1.6999579113843055]"
270,Sherlock Holmes,Sherlock Holmes,[2.0],,Holmes / Mr. Sherlock Holmes / Sherlock / Mister Sherlock Holmes,"[1.597614304667197, 1.8819171036881968, 1.7071067811865475, 1.8164965809277258]"
225,Lestrade,Lestrade,[2.0],,Mr. Lestrade / G. Lestrade / Messrs. Lestrade,"[1.7977240352174655, 1.8366600265340756, 1.6831300510639733]"
134,Henry,,,,Mr. Henry Baker / Henry Wood / Henry Baker / Mrs. Henry Baker / Henry Bakers / Henry Peters / Henry Staunton / Mr. Henry Wood,"[1.5345224838248488, 1.6666666666666665, 1.632455532033676, 1.5163977794943222, 1.6030226891555273, 1.6030226891555273, 1.5547001962252291, 1.5547001962252291]"
98,Mr. Sherlock Holmes,Sherlock Holmes,[1.8819171036881968],,Holmes / Mr. Holmes / Sherlock Holmes / Sherlock / Mr. Sherlock / Mister Sherlock Holmes,"[1.52704627669473, 1.7071067811865475, 1.8819171036881968, 1.6236095644623236, 1.7817359599705718, 1.6048500831437928]"
88,Mortimer,,,,Mortimer Tregennis / Mr. Mortimer Tregennis / James Mortimer / Dr. Mortimer / Mortimer Maberley,"[1.6416889479197478, 1.5773502691896257, 1.7337993857053429, 1.7977240352174655, 1.6614378277661475]"
84,Charles,,,,Charles Baskerville / Charles the Second / Charles the First / Charles Appledore / Charles Chandos / Charles Gorot / Charles Hardy / Charles Milverton / Mr. Charles McCarthy,"[1.5773502691896257, 1.5940885257860047, 1.6123724356957947, 1.6123724356957947, 1.6546536707079773, 1.7071067811865475, 1.7071067811865475, 1.6123724356957947, 1.5619514869490163]"
71,McGinty,,,,Boss McGinty / Jack McGinty / Mr. McGinty / Bodymaster McGinty / John McGinty,"[1.7385489458759964, 1.7385489458759964, 1.7745966692414834, 1.5940885257860047, 1.7385489458759964]"
67,Stapleton,,,,Miss Stapleton / Mrs. Stapleton / Mr. Stapleton / Stapletons,"[1.7844645405527362, 1.7844645405527362, 1.8164965809277263, 1.9428090415820636]"
61,Barrymore,,,,Mr. Barrymore / Mrs. Barrymore,"[1.8164965809277263, 1.7844645405527362]"
60,Gregson,Tobias Gregson,[1.6793662204867574],,Mr. Gregson / Tobias Gregson,"[1.7745966692414834, 1.6793662204867574]"
54,Jack,,,,Jacky / Jack McMurdo / Jackson / Jack McGinty / Jack Woodley / Jack James / Jack Douglas / Jack Knox,"[1.8660254037844388, 1.5222329678670934, 1.7071067811865475, 1.5222329678670934, 1.5222329678670934, 1.5773502691896257, 1.5222329678670934, 1.6123724356957947]"
50,Moriarty,James Moriarty,[1.7337993857053429],,Mr. Moriarty / James Moriarty,"[1.7977240352174655, 1.7337993857053429]"
50,Barker,,,,Mr. Barker / Cecil Barker / Mr. Cecil Barker / Parker / Harker / Cecil James Barker,"[1.7453559924999298, 1.674199862463242, 1.5773502691896257, 1.6, 1.6, 1.5423261445466405]"
48,James,James Calhoun / James Moriarty / James Windibank,"[1.5773502691896257, 1.5547001962252291, 1.5345224838248488]",,Mount-James / Mr. James Wilder / James Mortimer / James Walter / James Barclay / James Wilder / James Stanger / James Ryder / James Moriarty / James McCarthy / James Damery / James Windibank / Jack James / St. James / James Browner / James Calhoun / James Desmond / James H. Scott / James Lancaster / James Murdoch / James Saunders / James Smith / James Winter / James Armitage / Billy James,"[1.632455532033676, 1.5163977794943222, 1.5547001962252291, 1.6030226891555273, 1.5773502691896257, 1.6030226891555273, 1.5773502691896257, 1.632455532033676, 1.5547001962252291, 1.5547001962252291, 1.6030226891555273, 1.5345224838248488, 1.6666666666666665, 1.7071067811865475, 1.5773502691896257, 1.5773502691896257, 1.5773502691896257, 1.5547001962252291, 1.5345224838248488, 1.5773502691896257, 1.5547001962252291, 1.632455532033676, 1.6030226891555273, 1.5547001962252291, 1.632455532033676]"
47,McMurdo,,,,Mr. McMurdo / Jack McMurdo / Brother McMurdo / John McMurdo / Jack McMurdo--see / Friend McMurdo / Mr. Crooked McMurdo / McMurdo the Scowrer,"[1.7745966692414834, 1.7385489458759964, 1.6546536707079773, 1.7385489458759964, 1.6123724356957947, 1.6793662204867574, 1.5773502691896257, 1.5773502691896257]"
46,Hopkins,Ezekiah Hopkins / Stanley Hopkins,"[1.6546536707079773, 1.6546536707079773]",,Stanley Hopkins / Ezekiah Hopkins / Mr. Hopkins,"[1.6546536707079773, 1.6546536707079773, 1.7745966692414834]"
44,Mycroft,Mycroft Holmes,[1.6793662204867574],,Mycroft Holmes / Pycroft / Mr. Mycroft Holmes,"[1.6793662204867574, 1.6666666666666667, 1.5940885257860047]"
42,Robert,Robert E. Lee,[1.6454972243679027],,Mr. Robert Ferguson / Robert St. Simon / Robert Norberton / Robert Ferguson / Robert Street / Roberts,"[1.52704627669473, 1.5773502691896257, 1.5773502691896257, 1.597614304667197, 1.6454972243679027, 1.912870929175277]"
40,Godfrey,Godfrey Norton,[1.6793662204867574],,Godfrey Staunton / Godfrey Emsworth / Mr. Godfrey Staunton / Godfrey Norton / Master Godfrey / Mr. Godfrey / Mr. Godfrey Norton / God / Godfrey Milner,"[1.632455532033676, 1.632455532033676, 1.5619514869490163, 1.6793662204867574, 1.6793662204867574, 1.7745966692414834, 1.5940885257860047, 1.5773502691896257, 1.6793662204867574]"
37,MacDonald,Alec MacDonald,[1.7844645405527362],,Alec MacDonald / Friend MacDonald / Mr. MacDonald,"[1.7844645405527362, 1.7302967433402214, 1.8164965809277263]"
37,Mr. Douglas,,,,Douglas / Mrs. Douglas / Mr. John Douglas,"[1.7745966692414834, 1.758116330321033, 1.816496580927726]"
36,Mary,Mary / Mary Jane,"[2.0, 1.6123724356957947]",,Mary Morstan / Mary Fraser / Mary Jane,"[1.5222329678670934, 1.547722557505166, 1.6123724356957947]"
35,Douglas,,,,Mr. Douglas / Mrs. Douglas / John Douglas / Mr. John Douglas / Douglas Maberley / Jack Douglas,"[1.7745966692414834, 1.7385489458759964, 1.7385489458759964, 1.632455532033676, 1.632455532033676, 1.7385489458759964]"
35,Morris,William Morris,[1.6201736729460423],,Miss Morrison / Annie Morrison / Morrison / Mr. William Morris / William Morris / Mr. Morris,"[1.6454972243679027, 1.6201736729460423, 1.8451542547285165, 1.5423261445466405, 1.6201736729460423, 1.7453559924999298]"
33,Drebber,,,,Mr. Drebber / Enoch Drebber / Enoch J. Drebber / E. J. Drebber / Mr. Enoch Drebber / Mr. Enoch J. Drebber,"[1.7745966692414834, 1.7071067811865475, 1.632455532033676, 1.7071067811865475, 1.6123724356957947, 1.5619514869490163]"
33,Baldwin,,,,Ted Baldwin / Mr. Baldwin / Teddy Baldwin,"[1.7745966692414834, 1.7745966692414834, 1.7071067811865475]"
32,Mrs. Hudson,Mrs. Hudson,[2.0],,Hudson / Mr. Morse Hudson,"[1.7071067811865475, 1.6348469228349534]"
31,Von Bork,,,,Mr. Von Bork / Mister Von Bork,"[1.7977240352174655, 1.7071067811865475]"
31,Jefferson Hope,,,,Mr. Jefferson Hope / Jefferson,"[1.8744746321952062, 1.7844645405527362]"
31,Milverton,,,,Overton / Charles Augustus Milverton / Charles Milverton / Mr. Milverton,"[1.5550211698203658, 1.565685424949238, 1.7071067811865475, 1.8164965809277263]"
30,Arthur,,,,Arthur Charpentier / Arthur Willaby / Arthur Cadogan West / Arthur Pinner / Arthur Morstan / Arthur H. Staunton,"[1.5423261445466405, 1.6201736729460423, 1.52704627669473, 1.6454972243679027, 1.6201736729460423, 1.5423261445466405]"
30,Jones,Athelney Jones / Peter Jones,"[1.5547001962252291, 1.632455532033676]",,Athelney Jones / Mr. Jones / Peter Jones / Johnny Hones,"[1.5547001962252291, 1.7071067811865475, 1.632455532033676, 1.6030226891555273]"
29,Billy,,,,Billy James / Bill,"[1.632455532033676, 1.8660254037844388]"
29,Mrs. Douglas,,,,Mr. Douglas / Douglas / Mr. John Douglas,"[1.758116330321033, 1.7385489458759964, 1.518830867927189]"
29,Baskerville,,,,Henry Baskerville / Charles Baskerville / Hugo Baskerville / Baskerville Hall / Rodger Baskerville / William Baskerville / Rear-Admiral Baskerville / Mr. Henry Baskerville,"[1.7905694150420948, 1.7453559924999298, 1.816496580927726, 1.816496580927726, 1.7669649888473704, 1.7453559924999298, 1.659380473395787, 1.7071067811865475]"
28,Ferguson,,,,Mr. Ferguson / Mr. Robert Ferguson / Robert Ferguson / Bob Ferguson,"[1.7977240352174655, 1.6236095644623236, 1.7071067811865475, 1.7977240352174655]"
28,Stanley Hopkins,Stanley Hopkins,[2.0],,Hopkins,[1.6546536707079773]
28,Ettie,,,,Miss Ettie / Ettie Edwards / Ettie Shafter,"[1.6666666666666665, 1.5773502691896257, 1.5773502691896257]"
27,Ames,,,,Mr. Ames,[1.6546536707079773]
27,Baynes,Baynes,[2.0],,Mr. Baynes,[1.7453559924999298]
26,John Ferrier,,,,Ferrier / John,"[1.7385489458759964, 1.5222329678670934]"
25,Mr. Mac,,,,Mr. Mason / Mr. MacDonald / Mac,"[1.5550211698203658, 1.7071067811865475, 1.5773502691896257]"
25,Garcia,,,,Gar / Mr. Garcia / Mr. Aloysius Garcia / Beryl Garcia,"[1.632455532033676, 1.7453559924999298, 1.52704627669473, 1.674199862463242]"
25,Toby,,,,,
25,Scanlan,,,,Mike Scanlan,[1.7385489458759964]
25,Mr. Bennett,,,,Bennett / Mr. Trevor Bennett,"[1.7745966692414834, 1.7669649888473704]"
24,Ross,Duncan Ross,[1.547722557505166],,Duncan Ross,[1.547722557505166]
24,McCarthy,,,,Mr. McCarthy / Mr. James McCarthy / James McCarthy / Mr. Charles McCarthy,"[1.7977240352174655, 1.6416889479197478, 1.7337993857053429, 1.606976978666884]"
24,Ferrier,,,,John Ferrier / Lucy Ferrier,"[1.7385489458759964, 1.7385489458759964]"
23,Bannister,,,,,
23,St. Simon,,,,Lady St. Simon / Robert St. Simon / Simon / Lady Clara St. Simon,"[1.7844645405527362, 1.7302967433402214, 1.7071067811865475, 1.6488856845230502]"
23,Brunton,,,,Richard Brunton,[1.6546536707079773]
22,Sholto,Bartholomew Sholto,[1.5423261445466405],,Thaddeus Sholto / Mr. Sholto / Mr. Thaddeus Sholto / Bartholomew Sholto / John Sholto,"[1.597614304667197, 1.7453559924999298, 1.52704627669473, 1.5423261445466405, 1.7071067811865475]"
22,Peter Carey,,,,Peter / Pete / Carey,"[1.632455532033676, 1.547722557505166, 1.632455532033676]"
22,Jove,,,,,
22,Henry Baskerville,,,,Baskerville / Henry Baker / Mr. Henry Baskerville,"[1.7905694150420948, 1.6115124735378852, 1.8944271909999157]"
21,Sherlock,Sherlock Holmes,[1.7071067811865475],,Sherlock Holmes / Mr. Sherlock Holmes / Mr. Sherlock / Mister Sherlock Holmes,"[1.7071067811865475, 1.6236095644623236, 1.7977240352174655, 1.5773502691896257]"
21,Susan,,,,Susan Tarlton / Susan Dobney,"[1.5773502691896257, 1.6030226891555273]"
21,Miss Cushing,,,,Miss Sarah Cushing / Miss S. Cushing / Miss Susan Cushing,"[1.8043996665398438, 1.8864052604279182, 1.8043996665398438]"
21,Miss Dunbar,,,,Miss Grace Dunbar,[1.7905694150420948]
20,Stangerson,,,,Mr. Joseph Stangerson / Joseph Stangerson / Mr. Stangerson / Stanger / Brother Stangerson,"[1.670820393249937, 1.75, 1.8320502943378436, 1.816496580927726, 1.727606875108999]"
20,Gennaro,,,,America Gennaro / Gennaro Lucca,"[1.6546536707079773, 1.7071067811865475]"
20,Mr. Barker,,,,Barker / Mr. Cecil Barker / Mr. Harker / Mr. Baker,"[1.7453559924999298, 1.7745966692414834, 1.5555555555555556, 1.6999579113843055]"
20,Straker,,,,John Straker / Mrs. Straker / Mr. John Straker,"[1.7385489458759964, 1.7385489458759964, 1.632455532033676]"
20,Sarah,,,,Miss Sarah / Sarah Cushing,"[1.6666666666666665, 1.5773502691896257]"
20,Moran,,,,Sebastian Moran / Patience Moran / Augustus Moran,"[1.5345224838248488, 1.5547001962252291, 1.5547001962252291]"
20,Lucy,,,,Lucy Ferrier / Lucy Parr / Lucy adieu,"[1.5222329678670934, 1.6123724356957947, 1.5773502691896257]"
19,Mr. Rucastle,,,,Mrs. Rucastle / Rucastles / Rucastle,"[1.7794791888693982, 1.6212025072446363, 1.7977240352174655]"
19,Frank,,,,Frankland / Mr. Frankland,"[1.7071067811865475, 1.5773502691896257]"
18,Mortimer Tregennis,,,,Mortimer / Mr. Mortimer Tregennis / Tregennis,"[1.6416889479197478, 1.8997354108424374, 1.6859943405700353]"
18,Miss Hunter,,,,Hunter / Miss Violet Hunter,"[1.7071067811865475, 1.7669649888473704]"
18,George,George Sand,[1.7071067811865475],,George Burnwell / George Sand / George Meredith / George Lewis / George Ffolliott,"[1.597614304667197, 1.7071067811865475, 1.597614304667197, 1.674199862463242, 1.5773502691896257]"
18,Mr. Soames,,,,Soames / Mr. Hilton Soames,"[1.7453559924999298, 1.75]"
18,White Mason,,,,Mr. White Mason / Mason,"[1.8451542547285165, 1.632455532033676]"
18,Blessington,,,,Mr. Blessington,[1.8451542547285165]
17,McPherson,,,,Mr. McPherson / MacPherson / Fitzroy McPherson,"[1.8164965809277263, 1.6999579113843055, 1.7071067811865475]"
17,Mr. Lestrade,Lestrade,[1.7977240352174655],,Lestrade / G. Lestrade / Messrs. Lestrade,"[1.7977240352174655, 1.758116330321033, 1.518830867927189]"
17,Mr. Gibson,,,,Mr. Neil Gibson / Mrs. Gibson / Gibson,"[1.8017837257372733, 1.7321629316004565, 1.7453559924999298]"
17,Mr. Melas,,,,Melas,[1.7071067811865475]
17,Huxtable,,,,Thorneycroft Huxtable / Mr. Huxtable,"[1.5916079783099617, 1.7977240352174655]"
17,Coombe Tracey,,,,,
17,Mrs. Barclay,,,,Barclay,[1.7385489458759964]
17,Mrs. Warren,,,,Mr. Warren,[1.7321629316004565]
17,Joseph,Joseph Openshaw / Joseph Smith,"[1.597614304667197, 1.674199862463242]",,Joseph Stangerson / Mr. Joseph Harrison / Joseph Smith / Joseph Harrison / Jose,"[1.5590169943749475, 1.52704627669473, 1.674199862463242, 1.597614304667197, 1.7745966692414834]"
16,Masser Holmes,,,,Holmes / Master Holmes,"[1.6454972243679027, 1.6666666666666667]"
16,Emsworth,,,,Godfrey Emsworth,[1.6831300510639733]
16,Mr. Carruthers,,,,Carruthers / Bob Carruthers,"[1.8320502943378436, 1.5384615384615385]"
16,Phelps,,,,Mr. Phelps / Percy Phelps / Mr. Percy Phelps,"[1.7453559924999298, 1.674199862463242, 1.5773502691896257]"
15,Napoleon,,,,,
15,Jonathan Small,Jonathan Small,[2.0],,Jonathan,[1.7337993857053429]
15,Godfrey Staunton,,,,Godfrey / Mr. Godfrey Staunton / Staunton,"[1.632455532033676, 1.8885233166386386, 1.6831300510639733]"
15,Charles Baskerville,,,,Charles / Baskerville,"[1.5773502691896257, 1.7453559924999298]"
15,Wilson,Jabez Wilson,[1.674199862463242],,Mr. Wilson / Mr. Jabez Wilson / Jabez Wilson / Steve Wilson / Wilson Hargreave / Wilson Kemp / Bartholomew Wilson,"[1.7453559924999298, 1.5773502691896257, 1.674199862463242, 1.674199862463242, 1.5773502691896257, 1.7071067811865475, 1.5423261445466405]"
15,Miss Stoner,,,,Miss Stapleton / Miss Stoper / Stoner / Miss Helen Stoner,"[1.5016464154456235, 1.6, 1.7071067811865475, 1.7905694150420948]"
14,Trevor,,,,Mr. Trevor / Victor Trevor / Mr. Trevor Bennett,"[1.7453559924999298, 1.6454972243679027, 1.5423261445466405]"
14,McFarlane,,,,Mr. McFarlane / Mr. John Hector McFarlane / John Hector McFarlane / John McFarlane,"[1.8164965809277263, 1.5773502691896257, 1.632455532033676, 1.7844645405527362]"
14,Irene Adler,Irene Adler,[2.0],,Adler / Irene / Miss Irene Adler,"[1.632455532033676, 1.632455532033676, 1.816496580927726]"
14,Mr. Windibank,,,,Mr. James Windibank / Windibank,"[1.816496580927726, 1.8164965809277263]"
14,Carruthers,,,,Mr. Carruthers / Bob Carruthers,"[1.8320502943378436, 1.8320502943378436]"
14,Boss McGinty,,,,McGinty,[1.7385489458759964]
14,Stackhurst,,,,Harold Stackhurst,[1.75]
14,William,William Morris / William Clark Russell,"[1.6793662204867574, 1.547722557505166]",,Williamson / William Kirwan / William Crowder / Williams / Mr. Williamson / William the coachman / Mr. William Morris / William Derbyshire / William Hales / William Morris / William Whyte / William Baskerville / Charlie Williams / Mr. James Baker Williams,"[1.816496580927726, 1.6793662204867574, 1.6546536707079773, 1.9258200997725514, 1.6793662204867574, 1.5619514869490163, 1.5940885257860047, 1.5940885257860047, 1.7071067811865475, 1.6793662204867574, 1.7071067811865475, 1.5773502691896257, 1.632455532033676, 1.5107539184552492]"
14,Cadogan West,,,,Cadogen West / Arthur Cadogan West / West / Cadogan,"[1.6363636363636365, 1.7817359599705718, 1.5222329678670934, 1.7385489458759964]"
14,Holdhurst,,,,,
14,Woodley,,,,Mr. Woodley / Wood / Jack Woodley / Mrs. Woodley / Miss Edith Woodley,"[1.7745966692414834, 1.7071067811865475, 1.7385489458759964, 1.7385489458759964, 1.5940885257860047]"
13,Hill,Hill,[2.0],,Hill Barton / Miller Hill,"[1.547722557505166, 1.547722557505166]"
13,Musgrave,,,,Mr. Musgrave / Reginald Musgrave / Musgrave Ritual / Musgraves / Ralph Musgrave,"[1.7977240352174655, 1.6614378277661475, 1.7071067811865475, 1.9354143466934852, 1.7337993857053429]"
13,Mrs. Rucastle,,,,Mr. Rucastle / Rucastles / Rucastle,"[1.7794791888693982, 1.5894345083117605, 1.7637626158259734]"
13,Leonardo,,,,,
13,Birdy Edwards,,,,Edwards / Edward,"[1.7071067811865475, 1.6454972243679027]"
13,Simpson,,,,Fitzroy Simpson / Baldy Simpson,"[1.6546536707079773, 1.7071067811865475]"
13,John,John Hare / John B. Hood / John Clay / John Swain,"[1.6123724356957947, 1.5222329678670934, 1.6123724356957947, 1.5773502691896257]",,John Ferrier / John Straker / Johnson / John Douglas / John Clay / John Mason / John Rance / John Swain / John Mitton / John McMurdo / John Horner / John Clayton / Spencer John / John Holder / John Bull / John Cobb / John Hardy / John Hebron / Mr. Johnson / John McGinty / John Morland / John Sholto / John Warner / Johnnie / Johnny Hones / Johnston,"[1.5222329678670934, 1.5222329678670934, 1.7071067811865475, 1.5222329678670934, 1.6123724356957947, 1.5773502691896257, 1.5773502691896257, 1.5773502691896257, 1.547722557505166, 1.5222329678670934, 1.547722557505166, 1.5222329678670934, 1.5222329678670934, 1.547722557505166, 1.6123724356957947, 1.6123724356957947, 1.5773502691896257, 1.547722557505166, 1.547722557505166, 1.5222329678670934, 1.5222329678670934, 1.547722557505166, 1.547722557505166, 1.7071067811865475, 1.5222329678670934, 1.6546536707079773]"
13,Oberstein,,,,Hugo Oberstein / Mr. Oberstein / Mr. Hugo Oberstein,"[1.7844645405527362, 1.8164965809277263, 1.6859943405700353]"
13,Thaddeus Sholto,,,,Sholto / Mr. Thaddeus Sholto / Thaddeus,"[1.597614304667197, 1.8819171036881968, 1.7071067811865475]"
13,Trevelyan,,,,Percy Trevelyan,[1.7559289460184544]
13,Mr. Wilson,,,,Wilson / Mr. Jabez Wilson / Mr. Williamson,"[1.7453559924999298, 1.7745966692414834, 1.6284891505225276]"
13,Mr. Sholto,,,,Sholto / Mr. Thaddeus Sholto / Mr. Bartholomew Sholto,"[1.7453559924999298, 1.7071067811865475, 1.654653670707977]"
13,Mr. Hosmer Angel,,,,Hosmer / Hosmer Angel / Mr. Angel,"[1.5773502691896257, 1.8563488385776754, 1.7302967433402214]"
13,Mr. Holder,,,,,
13,Mr. Cunningham,,,,Cunningham / Alec Cunningham / Mr. Alec Cunningham,"[1.8320502943378436, 1.5104800858918703, 1.8498365855987973]"
13,Athelney Jones,Athelney Jones,[2.0],,Jones / Mr. Athelney Jones,"[1.5547001962252291, 1.8744746321952062]"
12,Frankland,,,,Frank / Mr. Frankland,"[1.7071067811865475, 1.8164965809277263]"
12,Ted Baldwin,,,,Baldwin / Teddy Baldwin,"[1.7745966692414834, 1.7215838362577491]"
12,Alice,,,,Miss Alice / Poor Alice / Alice Morphy,"[1.6666666666666665, 1.6666666666666665, 1.6030226891555273]"
12,Selden,,,,,
12,Bradstreet,Bradstreet,[2.0],,,
12,Sahib,,,,Nana Sahib,[1.6666666666666665]
12,Cecil Barker,,,,Barker / Mr. Cecil Barker / Cecil / Cecil James Barker,"[1.674199862463242, 1.8563488385776754, 1.6030226891555273, 1.8043996665398438]"
12,Bartholomew,Bartholomew Sholto,[1.7669649888473704],,Bartholomew Sholto / Mr. Bartholomew Sholto / Bartholomew Wilson / Bart,"[1.7669649888473704, 1.6900655593423544, 1.7669649888473704, 1.547722557505166]"
12,Mount-James,,,,James,[1.632455532033676]
12,Miss Harrison,,,,Harris,[1.6454972243679027]
12,Mr. Phelps,,,,Phelps / Mr. Percy Phelps,"[1.7453559924999298, 1.7745966692414834]"
12,Bennett,,,,Mr. Bennett / Mr. Trevor Bennett / Ben,"[1.7745966692414834, 1.5940885257860047, 1.5773502691896257]"
12,Lady Brackenstall,,,,,
12,Martin,Martin,[2.0],,,
11,Peterson,,,,Peters / Peter / Pete,"[1.8451542547285165, 1.7559289460184544, 1.6546536707079773]"
11,Smith,Joseph Smith,[1.6030226891555273],,Mrs. Smith / Mordecai Smith / Willoughby Smith / Mr. Smith / Ralph Smith / Miss Smith / Joseph Smith / Young Smith / James Smith / Culverton Smith,"[1.6666666666666665, 1.5547001962252291, 1.5163977794943222, 1.7071067811865475, 1.632455532033676, 1.6666666666666665, 1.6030226891555273, 1.632455532033676, 1.632455532033676, 1.5345224838248488]"
11,Miss Stapleton,,,,Stapleton / Miss Stoner / Stapletons,"[1.7844645405527362, 1.5016464154456235, 1.6284891505225276]"
11,Mr. Ferguson,,,,Ferguson / Mr. Robert Ferguson,"[1.7977240352174655, 1.7817359599705718]"
11,Mr. Merryweather,Mr. Merryweather,[2.0],,Merryweather,[1.8563488385776754]
11,Achmet,Achmet,[2.0],,,
11,Marvin,,,,Teddy Marvin / Marvin--he,"[1.674199862463242, 1.7453559924999298]"
11,Gar,,,,Garcia / Garrideb,"[1.632455532033676, 1.5345224838248488]"
11,Horner,,,,John Horner,[1.7071067811865475]
11,Lucas,,,,Eduardo Lucas / Mr. Lucas,"[1.5773502691896257, 1.7071067811865475]"
11,Sterndale,,,,Leon Sterndale,[1.7844645405527362]
11,Cartwright,,,,,
11,Openshaw,Elias Openshaw / John Openshaw / Joseph Openshaw,"[1.7337993857053429, 1.7637626158259734, 1.7071067811865475]",,John Openshaw,[1.7637626158259734]
11,Lady Frances,,,,Frances / Lady Frances Carfax,"[1.7385489458759964, 1.7817359599705718]"
11,Ralph,,,,Ralph Smith / Uncle Ralph / Ralph Musgrave,"[1.632455532033676, 1.632455532033676, 1.5547001962252291]"
11,Mycroft Holmes,Mycroft Holmes,[2.0],,Holmes / Mycroft / Mr. Mycroft Holmes,"[1.6201736729460423, 1.6793662204867574, 1.8744746321952062]"
11,Henderson,,,,Anderson / Mr. Henderson,"[1.6589265828801303, 1.8164965809277263]"
11,Armstrong,,,,Leslie Armstrong,[1.7302967433402214]
11,Roylott,,,,Grimesby Roylott / Roy / Miss Roylott,"[1.632455532033676, 1.5773502691896257, 1.7385489458759964]"
11,John Straker,,,,Straker / John / Mr. John Straker,"[1.7385489458759964, 1.5222329678670934, 1.8563488385776754]"
10,Ronder,,,,Mrs. Ronder / Eugenia Ronder,"[1.7071067811865475, 1.6201736729460423]"
10,Mr. Gregson,,,,Gregson,[1.7745966692414834]
10,Dolores,,,,,
10,Mr. Jonas Oldacre,,,,Oldacre / Mr. Oldacre / Jonas Oldacre,"[1.6123724356957947, 1.7905694150420948, 1.8660254037844388]"
10,Soames,,,,Mr. Soames / Cathcart Soames / Mr. Hilton Soames,"[1.7453559924999298, 1.597614304667197, 1.5590169943749475]"
10,Elsie,,,,,
10,Mrs. Laura Lyons,,,,Mrs. Lyons / Lyons / Laura Lyons,"[1.7745966692414834, 1.5163977794943222, 1.816496580927726]"
10,Mrs. Merrilow,,,,,
10,Lucy Ferrier,,,,Ferrier / Lucy,"[1.7385489458759964, 1.5222329678670934]"
10,Mrs. Allen,,,,,
10,Mrs. Lyons,,,,Mrs. Laura Lyons / Lyons,"[1.7745966692414834, 1.6666666666666665]"
10,Wiggins,,,,Higgins,[1.6666666666666667]
10,Mawson,,,,Dawson,[1.6]
10,Barclay,,,,Mrs. Barclay / James Barclay,"[1.7385489458759964, 1.7071067811865475]"
9,Duke,,,,,
9,Williamson,,,,William / Williams / Mr. Williamson,"[1.816496580927726, 1.8819171036881968, 1.8320502943378436]"
9,Gloria Scott,,,,,
9,Beppo,,,,,
9,Gregory,Gregory,[2.0],,,
9,Toller,,,,Mrs. Toller,[1.7071067811865475]
9,Mrs. Cecil Forrester,Forrester,[1.6488856845230502],,Mrs. Forrester / Forrester,"[1.827170191868511, 1.6488856845230502]"
9,Porlock,,,,Fred Porlock,[1.7385489458759964]
9,Mrs. St. Clair,,,,Mr. Neville St. Clair / Mr. St. Clair,"[1.5283448863944926, 1.797371512594646]"
9,Mr. Blessington,,,,Blessington,[1.8451542547285165]
9,Presbury,,,,Miss Presbury,[1.7637626158259734]
9,Hudson,Mrs. Hudson,[1.7071067811865475],,Mrs. Hudson / Morse Hudson / Mr. Morse Hudson,"[1.7071067811865475, 1.674199862463242, 1.5773502691896257]"
9,Barnicot,,,,,
9,Scott Eccles,,,,Mr. Scott Eccles / Eccles / Mr. John Scott Eccles,"[1.8563488385776754, 1.674199862463242, 1.7416198487095662]"
9,Theresa,,,,Theresa Wright,[1.6793662204867574]
9,Murdoch,,,,Ian Murdoch / Mr. Ian Murdoch / Mr. Murdoch / James Murdoch,"[1.7745966692414834, 1.6546536707079773, 1.7745966692414834, 1.7071067811865475]"
8,Hilton Cubitt,,,,Mr. Hilton Cubitt / Mrs. Hilton Cubitt,"[1.8660254037844388, 1.8401680504168059]"
8,Peters,,,,Peterson / Peter / Mrs. Peters / Pete / Henry Peters / Holy Peters / Mr. Peters,"[1.8451542547285165, 1.8944271909999157, 1.7071067811865475, 1.7745966692414834, 1.674199862463242, 1.7071067811865475, 1.7453559924999298]"
8,Eustace,,,,Eustace Brackenstall,[1.5619514869490163]
8,Mrs. Smith,,,,Smith / Mr. Smith,"[1.6666666666666665, 1.6999579113843055]"
8,Mr. Mason,,,,Mr. Mac / Mrs. Mason / Mr. White Mason / Mason / Mr. John Mason,"[1.5550211698203658, 1.6999579113843055, 1.7559289460184544, 1.7071067811865475, 1.7844645405527362]"
8,Mr. McCarthy,,,,McCarthy / Mr. James McCarthy / Mr. Charles McCarthy,"[1.7977240352174655, 1.8043996665398438, 1.7608859102526822]"
8,Mr. Woodley,,,,Woodley / Wood / Mrs. Woodley,"[1.7745966692414834, 1.547722557505166, 1.758116330321033]"
8,Mr. Neville St. Clair,,,,Mrs. St. Clair / Neville St. Clair / Neville / Mr. St. Clair / Mr. Neville St.--Oh,"[1.5283448863944926, 1.8944271909999157, 1.547722557505166, 1.7745966692414834, 1.5156425651503995]"
8,Mr. Acton,Mr. Acton,[2.0],,Acton,[1.7071067811865475]
8,Mahomet Singh,Mahomet Singh,[2.0],,Mahomet,[1.7071067811865475]
8,Prendergast,Prendergast,[2.0],,Predergast / Jack Prendergast,"[1.7321629316004565, 1.816496580927726]"
8,Cunningham,,,,Mr. Cunningham / Alec Cunningham / Mr. Alec Cunningham,"[1.8320502943378436, 1.8017837257372733, 1.7071067811865475]"
8,Mordecai Smith,,,,Smith / Mr. Mordecai Smith,"[1.5547001962252291, 1.8744746321952062]"
8,Pompey,,,,,
8,Mr. Baynes,Baynes,[1.7453559924999298],,Baynes / Mr. Barnes,"[1.7453559924999298, 1.5555555555555556]"
8,Baron Gruner,,,,Baron / Baron Adelbert Gruner,"[1.6030226891555273, 1.7416198487095662]"
8,Mr. Thaddeus Sholto,,,,Sholto / Thaddeus Sholto / Mr. Sholto / Mr. Thaddeus / Thaddeus,"[1.52704627669473, 1.8819171036881968, 1.7071067811865475, 1.7817359599705718, 1.6236095644623236]"
8,Mr. Thaddeus,,,,Mr. Thaddeus Sholto / Thaddeus,"[1.7817359599705718, 1.7977240352174655]"
8,Neligan,,,,John Hopley Neligan,[1.5773502691896257]
8,Grimesby Roylott,,,,Roylott,[1.632455532033676]
8,Shlessinger,,,,Mrs. Shlessinger,[1.816496580927726]
8,Vermissa,,,,,
8,Mrs. Maberley,,,,Maberley,[1.7637626158259734]
8,Mr. Culverton Smith,,,,Mr. Smith / Culverton Smith,"[1.6666666666666665, 1.8819171036881968]"
8,Mr. Drebber,,,,Drebber / E. J. Drebber / Mr. Enoch Drebber / Mr. Enoch J. Drebber,"[1.7745966692414834, 1.5302967433402215, 1.7905694150420948, 1.7254762501100118]"
8,Mr. Hilton Cubitt,,,,Hilton Cubitt / Mrs. Hilton Cubitt / Mr. Cubitt,"[1.8660254037844388, 1.8470085938862486, 1.75]"
8,Gorgiano,,,,Giuseppe Gorgiano / Black Gorgiano,"[1.6614378277661475, 1.7337993857053429]"
7,Hunter,,,,Miss Hunter / Violet Hunter / Ned Hunter / Caunter / Miss Violet Hunter,"[1.7071067811865475, 1.6454972243679027, 1.7453559924999298, 1.5302967433402215, 1.5423261445466405]"
7,Mr. Trevor,,,,Trevor / Mr. Trevor Bennett,"[1.7453559924999298, 1.727606875108999]"
7,Steve,,,,Steve Dixie / Steve Wilson / Stevenson / Bert Stevens,"[1.632455532033676, 1.6030226891555273, 1.7071067811865475, 1.6030226891555273]"
7,Hobson,,,,,
7,Mr. Garrideb,,,,Mr. Nathan Garrideb / Mr. John Garrideb / Garrideb / Garridebs,"[1.7817359599705718, 1.82915619758885, 1.7977240352174655, 1.6212025072446363]"
7,Gilchrist,,,,Mr. Gilchrist / Jabez Gilchrist,"[1.8164965809277263, 1.7559289460184544]"
7,Alec Cunningham,,,,Mr. Cunningham / Cunningham / Mr. Alec Cunningham,"[1.5104800858918703, 1.8017837257372733, 1.8819171036881968]"
7,Mrs. Mason,,,,Mr. Mason / Mason,"[1.6999579113843055, 1.6666666666666665]"
7,Ronald Adair,Ronald Adair,[2.0],,Adair / Ronald,"[1.6030226891555273, 1.674199862463242]"
7,Neville St. Clair,,,,Mr. Neville St. Clair / Neville,"[1.8944271909999157, 1.6123724356957947]"
7,Norwood,,,,,
7,Hayes,,,,Mr. Reuben Hayes / Reuben Hayes / Mrs. Hayes / Mr. Hayes,"[1.5163977794943222, 1.6030226891555273, 1.6666666666666665, 1.7071067811865475]"
7,Adair,Hilda Adair / Ronald Adair,"[1.632455532033676, 1.6030226891555273]",,Ronald Adair,[1.6030226891555273]
7,Fitzroy Simpson,,,,Simpson / Fitzroy,"[1.6546536707079773, 1.6546536707079773]"
7,Forbes,Forbes,[2.0],,Mr. Forbes,[1.7453559924999298]
7,Mr. James Wilder,,,,James / Mr. Wilder / Wilder / James Wilder / Mr. James Baker Williams,"[1.5163977794943222, 1.7745966692414834, 1.5773502691896257, 1.8563488385776754, 1.5665631393422819]"
7,Evans,,,,Killer Evans / Evans Pott / Eva / Carrie Evans / Mr. Evans,"[1.6030226891555273, 1.6666666666666665, 1.7071067811865475, 1.6030226891555273, 1.7071067811865475]"
7,Mr. Nathan Garrideb,,,,Mr. Garrideb / Nathan Garrideb / Garrideb / Mr. Nathan,"[1.7817359599705718, 1.8819171036881968, 1.6236095644623236, 1.7071067811865475]"
7,Coram,,,,Professor Coram,[1.5345224838248488]
7,Colonel Lysander Stark,Colonel Lysander Stark,[2.0],,,
7,George Burnwell,,,,George,[1.597614304667197]
7,Mr. Scott Eccles,,,,Scott Eccles / Eccles / Mr. John Scott Eccles / Mr. Eccles,"[1.8563488385776754, 1.5773502691896257, 1.8660254037844386, 1.7745966692414834]"
7,Prescott,,,,Rodger Prescott,[1.7071067811865475]
7,Mr. Wilder,,,,Mr. James Wilder / Wilder,"[1.7745966692414834, 1.7453559924999298]"
7,Martha,,,,,
7,Willoughby Smith,,,,Smith / Mr. Willoughby Smith,"[1.5163977794943222, 1.8885233166386386]"
7,Johnson,,,,John / Shinwell Johnson / John Mason / Mr. Sidney Johnson / Theophilus Johnson / Sidney Johnson / Mr. Johnson / John Robinson / Johnston,"[1.7071067811865475, 1.632455532033676, 1.513747150773105, 1.5940885257860047, 1.5940885257860047, 1.6793662204867574, 1.7745966692414834, 1.7071067811865475, 1.6048500831437928]"
7,Mrs. Stapleton,,,,Stapleton / Mr. Stapleton / Stapletons / Mrs. Stoner,"[1.7844645405527362, 1.797371512594646, 1.6284891505225276, 1.5016464154456235]"
7,Mr. Jabez Wilson,Jabez Wilson,[1.8563488385776754],,Wilson / Mr. Wilson / Jabez Wilson,"[1.5773502691896257, 1.7745966692414834, 1.8563488385776754]"
7,Mr. McFarlane,,,,McFarlane / Mr. John Hector McFarlane,"[1.8164965809277263, 1.7071067811865475]"
7,Leslie Armstrong,,,,Armstrong,[1.7302967433402214]
7,Freeman,,,,,
7,Jim,,,,Jimmie / Jimmy,"[1.632455532033676, 1.7071067811865475]"
7,Baden,,,,,
6,Bartholomew Sholto,Bartholomew Sholto,[2.0],,Sholto / Bartholomew / Mr. Bartholomew Sholto,"[1.5423261445466405, 1.7669649888473704, 1.8997354108424374]"
6,Mrs. Porter,,,,,
6,Mrs. Oakshott,,,,Oakshott,[1.7637626158259734]
6,Norbury,,,,,
6,Lawler,,,,,
6,Walters,,,,Walter,[1.912870929175277]
6,Ian Murdoch,,,,Murdoch / Mr. Ian Murdoch,"[1.7745966692414834, 1.8451542547285165]"
6,Breckinridge,,,,Mr. Breckinridge,[1.8563488385776754]
6,Mr. McMurdo,,,,McMurdo / Mr. Murdoch / Mr. Crooked McMurdo,"[1.7745966692414834, 1.6, 1.7453559924999298]"
6,Hugo Baskerville,,,,Baskerville,[1.816496580927726]
6,Mrs. Straker,,,,Straker / Mr. John Straker,"[1.7385489458759964, 1.518830867927189]"
6,Mr. Henry Baker,,,,Henry / Mr. Baker / Henry Baker / Mrs. Henry Baker / Henry Bakers / Baker / Mr. Henry Baskerville,"[1.5345224838248488, 1.7559289460184544, 1.8451542547285165, 1.825656655716489, 1.7149138731162892, 1.5345224838248488, 1.7054700246387844]"
6,Hosmer,,,,Mr. Hosmer Angel / Hosmer Angel,"[1.5773502691896257, 1.674199862463242]"
6,Black Peter,,,,Peter / Pete,"[1.632455532033676, 1.547722557505166]"
6,Mrs. Forrester,Forrester,[1.7844645405527362],,Mrs. Cecil Forrester / Forrester,"[1.827170191868511, 1.7844645405527362]"
6,Mr. Stapleton,,,,Stapleton / Mrs. Stapleton / Stapletons,"[1.8164965809277263, 1.797371512594646, 1.6586892478083899]"
6,Mrs. Bernstone,,,,Mrs. Stoner,[1.5016464154456235]
6,Miss Mary Sutherland,Mary Sutherland,[1.8583950752789522],,Miss Sutherland,[1.8583950752789522]
6,Miss Morrison,,,,Morris / Morrison,"[1.6454972243679027, 1.7637626158259734]"
6,Lady Hilda,,,,Hilda,[1.6666666666666665]
6,William Kirwan,,,,William,[1.6793662204867574]
6,Mr. Alec,,,,Alec / Mr. Alec Cunningham,"[1.6546536707079773, 1.6236095644623236]"
6,Hall Pycroft,,,,Mr. Hall Pycroft / Pycroft,"[1.8563488385776754, 1.7385489458759964]"
6,Mrs. Hilton Cubitt,,,,Hilton Cubitt / Mr. Hilton Cubitt / Mr. Cubitt,"[1.8401680504168059, 1.8470085938862486, 1.5356505556524436]"
6,Mr. Athelney Jones,Athelney Jones,[1.8744746321952062],,Athelney Jones / Mr. Jones,"[1.8744746321952062, 1.6859943405700353]"
6,Sam,,,,Samson / Samuel,"[1.632455532033676, 1.632455532033676]"
6,Mr. Smith,,,,Smith / Mrs. Smith / Mr. Culverton Smith / Mr. Willoughby Smith / Mr. Mordecai Smith,"[1.7071067811865475, 1.6999579113843055, 1.6666666666666665, 1.6488856845230502, 1.6859943405700353]"
6,Wood,,,,Woodley / Mr. Woodley / Woodman / Jack Woodley / Henry Wood / Mrs. Woodley / Woodhouse / Harry Wood / J. G. Wood,"[1.7071067811865475, 1.547722557505166, 1.7071067811865475, 1.5222329678670934, 1.5773502691896257, 1.5222329678670934, 1.6123724356957947, 1.5773502691896257, 1.5773502691896257]"
6,Murphy,,,,,
6,John Douglas,,,,Douglas / John / Mr. John Douglas,"[1.7385489458759964, 1.5222329678670934, 1.8563488385776754]"
6,Perkins,,,,Masser Perkins,[1.6793662204867574]
6,Mrs. Marker,,,,Mark,[1.547722557505166]
6,Mr. Duncan Ross,Duncan Ross,[1.8451542547285165],,Duncan Ross,[1.8451542547285165]
6,Thaddeus,,,,Thaddeus Sholto / Mr. Thaddeus Sholto / Mr. Thaddeus,"[1.7071067811865475, 1.6236095644623236, 1.7977240352174655]"
6,Cantlemere,,,,,
6,Mr. Neil Gibson,,,,Mr. Gibson / Neil Gibson / Gibson / J. Neil Gibson,"[1.8017837257372733, 1.8451542547285165, 1.597614304667197, 1.8125761030702445]"
6,Mr. White Mason,,,,White Mason / Mr. Mason / Mason,"[1.8451542547285165, 1.7559289460184544, 1.5345224838248488]"
6,Mr. Barrymore,,,,Barrymore / Mrs. Barrymore,"[1.8164965809277263, 1.797371512594646]"
6,Acton,Mr. Acton,[1.7071067811865475],,Mr. Acton,[1.7071067811865475]
6,Dawson,,,,Mawson,[1.6]
6,Frances,,,,Lady Frances / Frances Carfax / Lady Frances Carfax,"[1.7385489458759964, 1.6793662204867574, 1.5773502691896257]"
6,Jacky,,,,Jack,[1.8660254037844388]
6,Mrs. Toller,,,,Toller,[1.7071067811865475]
6,Mr. Staunton,,,,Mr. Godfrey Staunton / Staunton,"[1.7608859102526822, 1.7977240352174655]"
6,Roy,,,,Roylott,[1.5773502691896257]
6,Mr. Mortimer Tregennis,,,,Mortimer / Mortimer Tregennis / Mr. Tregennis / Tregennis / Dr. Mortimer,"[1.5773502691896257, 1.8997354108424374, 1.7559289460184544, 1.6172133998483678, 1.5670426040506782]"
5,Abdullah Khan,Abdullah Khan,[2.0],,Abdullah,[1.7637626158259734]
5,Mr. Turner,Mrs. Turner,[1.7321629316004565],,Turner / Mr. John Turner / Mrs. Turner,"[1.7453559924999298, 1.8017837257372733, 1.7321629316004565]"
5,Mr. Horace Harker,Horace,[1.5590169943749475],,Mr. Harker / Harker / Horace / Horace Harker,"[1.75, 1.5590169943749475, 1.5590169943749475, 1.8660254037844388]"
5,John Openshaw,John Openshaw,[2.0],,Openshaw,[1.7637626158259734]
5,Morton,Morton,[2.0],,Cyril Morton / Norton,"[1.674199862463242, 1.6]"
5,Mr. Fowler,Mr. Fowler,[2.0],,,
5,Dost Akbar,Dost Akbar,[2.0],,Akbar,[1.6666666666666665]
5,Miss Sutherland,Mr. Sutherland / Ned Sutherland,"[1.5104800858918703, 1.5104800858918703]",,Miss Mary Sutherland,[1.8583950752789522]
4,John Clay,John Clay,[2.0],,John / Mr. John Clay / John Clayton / Clay,"[1.6123724356957947, 1.8164965809277263, 1.8528028654224418, 1.6123724356957947]"
4,Hilda,Hilda Adair,[1.632455532033676],,Lady Hilda,[1.6666666666666665]
4,Mr. Harding,Mr. Hardy,[1.6576237921249264],,Mr. Hardy,[1.6576237921249264]
4,Jonathan,Jonathan Small,[1.7337993857053429],,Jonathan Small / Jonathan Wild,"[1.7337993857053429, 1.7637626158259734]"
3,Jackson,Thomas J. Jackson,[1.6123724356957947],,Jack,[1.7071067811865475]
3,Lecoq,Monsieur Lecoq,[1.5547001962252291],,,
3,Mrs. Watson,Mrs. Watson,[2.0],,Watson / Dr. Watson,"[1.7071067811865475, 1.5156425651503995]"
3,Joseph Smith,Joseph Smith,[2.0],,Joseph / Smith / Jose,"[1.674199862463242, 1.6030226891555273, 1.5222329678670934]"
3,Abdullah,Abdullah Khan,[1.7637626158259734],,Abdullah Khan,[1.7637626158259734]
3,Mr. James Windibank,James Windibank,[1.8819171036881968],,Mr. Windibank / James Windibank / Windibank,"[1.816496580927726, 1.8819171036881968, 1.6666666666666665]"
3,Albert,Prince Albert,[1.6454972243679027],,,
3,Mr. Bartholomew Sholto,Bartholomew Sholto,[1.8997354108424374],,Mr. Sholto / Bartholomew / Bartholomew Sholto,"[1.654653670707977, 1.6900655593423544, 1.8997354108424374]"
3,MacKinnon,MacKinnon,[2.0],,,
3,Hill Barton,Barton / Hill,"[1.7071067811865475, 1.547722557505166]",,Hill / Barton / Bart,"[1.547722557505166, 1.7071067811865475, 1.547722557505166]"
3,Godfrey Norton,Godfrey Norton,[2.0],,Godfrey / Mr. Godfrey Norton / Norton,"[1.6793662204867574, 1.8744746321952062, 1.6201736729460423]"
3,Miller Hill,Hill,[1.547722557505166],,Hill,[1.547722557505166]
3,Turner,Mrs. Turner,[1.7071067811865475],,Mr. Turner / Miss Turner / Mr. John Turner / Mrs. Turner,"[1.7453559924999298, 1.7071067811865475, 1.597614304667197, 1.7071067811865475]"
2,Paramore,Paramore,[2.0],,,
2,McCauley,McCauley,[2.0],,,
2,Peter,Peter Jones,[1.632455532033676],,Peter Carey / Peterson / Peters / Black Peter / Mrs. Peters / Pete / Peter Jones / Peter Steiler / Henry Peters / Holy Peters / Mr. Peters,"[1.632455532033676, 1.7559289460184544, 1.8944271909999157, 1.632455532033676, 1.632455532033676, 1.8660254037844388, 1.632455532033676, 1.5773502691896257, 1.6030226891555273, 1.632455532033676, 1.6666666666666665]"
2,King of Scandinavia,King of Scandinavia,[2.0],,,
2,Prince,Prince Albert,[1.6454972243679027],,Shoscombe Prince,[1.5773502691896257]
2,Fordham,Fordham,[2.0],,Fordingham / Mr. Fordham,"[1.513747150773105, 1.7745966692414834]"
2,Ezekiah Hopkins,Ezekiah Hopkins,[2.0],,Hopkins,[1.6546536707079773]
2,Brown,Sam Brown,[1.7071067811865475],,Silas Brown / Browner / Jim Browner / Mrs. Browner / Mr. Josiah Brown / Mr. Silas Brown / Sam Brown / Bromley Brown / James Browner / Browners / Mr. Brown / Mr. Browner,"[1.632455532033676, 1.8164965809277263, 1.632455532033676, 1.6030226891555273, 1.5163977794943222, 1.5345224838248488, 1.7071067811865475, 1.5773502691896257, 1.5773502691896257, 1.7559289460184544, 1.7071067811865475, 1.632455532033676]"
2,Tobias Gregson,Tobias Gregson,[2.0],,Gregson,[1.6793662204867574]
2,Mr. John Clay,John Clay,[1.8164965809277263],,John Clay,[1.8164965809277263]
2,Agatha,Agatha,[2.0],,,
2,Gladstone,Gladstone,[2.0],,,
2,Cyril Morton,Morton,[1.674199862463242],,Morton / Cyril,"[1.674199862463242, 1.6030226891555273]"
2,Elias,Elias Openshaw,[1.5547001962252291],,Elias Whitney,[1.5773502691896257]
2,Adams,Adams,[2.0],,,
2,Dr. Watson,Mrs. Watson,[1.5156425651503995],,Watson / Mrs. Watson,"[1.7453559924999298, 1.5156425651503995]"
2,Dr. Lysander Starr,Dr. Lysander Starr,[2.0],,,
2,Akbar,Dost Akbar,[1.6666666666666665],,Dost Akbar,[1.6666666666666665]
2,James Moriarty,James Moriarty,[2.0],,Moriarty / James,"[1.7337993857053429, 1.5547001962252291]"
2,Mr. Godfrey Norton,Godfrey Norton,[1.8744746321952062],,Godfrey / Godfrey Norton / Mr. Godfrey / Norton,"[1.5940885257860047, 1.8744746321952062, 1.7669649888473704, 1.5423261445466405]"
2,Jabez Wilson,Jabez Wilson,[2.0],,Wilson / Mr. Jabez Wilson,"[1.674199862463242, 1.8563488385776754]"
2,Mr. Hardy,Mr. Hardy,[2.0],,Mr. Harding,[1.6576237921249264]
2,James Windibank,James Windibank,[2.0],,James / Mr. James Windibank / Windibank,"[1.5345224838248488, 1.8819171036881968, 1.7559289460184544]"
2,John Swain,John Swain,[2.0],,John,[1.5773502691896257]
2,John Clayton,John Clay,[1.8528028654224418],,John / John Clay / Clayton / Clay,"[1.5222329678670934, 1.8528028654224418, 1.7385489458759964, 1.5222329678670934]"
2,Mr. Forbes,Forbes,[1.7453559924999298],,Forbes,[1.7453559924999298]
2,Horace,Horace,[2.0],,Mr. Horace Harker / Horace Harker,"[1.5590169943749475, 1.6454972243679027]"
1,Mrs. Etherege,Mrs. Etherege,[2.0],,,
1,Mr. William Morris,William Morris,[1.8744746321952062],,Morris / William / William Morris / Mr. Morris,"[1.5423261445466405, 1.5940885257860047, 1.8744746321952062, 1.727606875108999]"
1,Atkinson,Atkinson,[2.0],,,
1,Mrs. Turner,Mrs. Turner,[2.0],,Mr. Turner / Turner,"[1.7321629316004565, 1.7071067811865475]"
1,Archie Swindon,Archie,[1.6201736729460423],,Archie,[1.6201736729460423]
1,Adler,Irene Adler,[1.632455532033676],,Irene Adler / Miss Irene Adler / Miss Adler,"[1.632455532033676, 1.5163977794943222, 1.6666666666666665]"
1,Trepoff,Trpoff,[1.5302967433402215],,,
1,Alec MacDonald,Alec MacDonald,[2.0],,MacDonald,[1.7844645405527362]
1,William Morris,William Morris,[2.0],,Morris / William / Mr. William Morris,"[1.6201736729460423, 1.6793662204867574, 1.8744746321952062]"
1,Abernetty,Abernetty,[2.0],,,
1,Windibank,James Windibank,[1.7559289460184544],,Mr. Windibank / Mr. James Windibank / James Windibank,"[1.8164965809277263, 1.6666666666666665, 1.7559289460184544]"
1,Youghal,Yough,[1.8164965809277263],,,
1,Wilhelm Gottsreich Sigismond von Ormstein,Wilhelm Gottsreich Sigismond von Ormstein,[2.0],,,
1,Wallenstein,Wallenstein,[2.0],,,
1,Abrahams,Abrahams,[2.0],,,
1,Patterson,Patterson / Grice Patersons,"[2.0, 1.5364378277661475]",,Grice Patersons,[1.5364378277661475]
1,Pete,Peter Jones,[1.547722557505166],,Peter Carey / Peterson / Peters / Black Peter / Peter / Mrs. Peters / Peter Jones / Henry Peters / Holy Peters / Mr. Peters,"[1.547722557505166, 1.6546536707079773, 1.7745966692414834, 1.547722557505166, 1.8660254037844388, 1.547722557505166, 1.547722557505166, 1.5222329678670934, 1.547722557505166, 1.5773502691896257]"
1,Peter Jones,Peter Jones,[2.0],,Jones / Peter / Pete,"[1.632455532033676, 1.632455532033676, 1.547722557505166]"
1,Archie Stamford,Archie,[1.597614304667197],,Archie,[1.597614304667197]
1,Archie,Archie,[2.0],,Archie Swindon / Archie Stamford,"[1.6201736729460423, 1.597614304667197]"
1,Norton,Morton / Godfrey Norton,"[1.6, 1.6201736729460423]",,Morton / Godfrey Norton / Robert Norberton / Mr. Godfrey Norton / Irene Norton,"[1.6, 1.6201736729460423, 1.5773502691896257, 1.5423261445466405, 1.674199862463242]"
1,Predergast,Prendergast,[1.7321629316004565],,Prendergast / Jack Prendergast,"[1.7321629316004565, 1.5774192615479852]"
1,Sam Brown,Sam Brown,[2.0],,Brown,[1.7071067811865475]
1,Sarasate,Sarasate,[2.0],,,
1,Ronald,Ronald Adair,[1.674199862463242],,Ronald Adair,[1.674199862463242]
1,Boswell,Boswell,[2.0],,,
1,George Sand,George Sand,[2.0],,George,[1.7071067811865475]
1,Grice Patersons,Patterson / Grice Patersons,"[1.5364378277661475, 2.0]",,Patterson,[1.5364378277661475]
1,Gustave Flaubert,Gustave Flaubert,[2.0],,,
1,Hafiz,Hafiz,[2.0],,,
1,James Calhoun,James Calhoun,[2.0],,James / Calhoun,"[1.5773502691896257, 1.7071067811865475]"
1,John H. Watson,John H. Watson,[2.0],,Watson,[1.6201736729460423]
1,John Hardy,John Hare,[1.6999579113843055],,John / John Vincent Harden,"[1.5773502691896257, 1.5174282499435976]"
1,Jack Prendergast,Prendergast,[1.816496580927726],,Prendergast / Predergast,"[1.816496580927726, 1.5774192615479852]"
1,Horace Harker,Horace,[1.6454972243679027],,Mr. Horace Harker / Harker / Horace,"[1.8660254037844388, 1.6454972243679027, 1.6454972243679027]"
1,Irene,Irene Adler,[1.632455532033676],,Irene Adler / Irene Norton / Miss Irene / Miss Irene Adler,"[1.632455532033676, 1.6030226891555273, 1.6666666666666665, 1.5163977794943222]"
1,Cook,Cook,[2.0],,,
1,Calhoun,James Calhoun,[1.7071067811865475],,James Calhoun,[1.7071067811865475]
1,Cuvier,Frédéric Cuvier,[1.597614304667197],,,
1,De Quincey,Thomas De Quincey,[1.75],,,
1,Clotilde Lothman von Saxe-Meningen,Clotilde Lothman von Saxe-Meningen,[2.0],,,
1,Clay,John Clay,[1.6123724356957947],,John Clay / John Clayton / Clayton,"[1.6123724356957947, 1.5222329678670934, 1.7071067811865475]"
1,Clark Russell,William Clark Russell,[1.7745966692414834],,,
1,Dr. Ainstree,Dr. Ainstree,[2.0],,,
1,Fordingham,Fordham,[1.513747150773105],,Fordham,[1.513747150773105]
1,Forrester,Forrester,[2.0],,Mrs. Cecil Forrester / Mrs. Forrester,"[1.6488856845230502, 1.7844645405527362]"
1,G. Lestrade,Lestrade,[1.8366600265340756],,Lestrade / Mr. Lestrade / Messrs. Lestrade,"[1.8366600265340756, 1.758116330321033, 1.6348469228349534]"
1,Gaboriau,Émile Gaboriau,[1.7337993857053429],,,
1,Duchess of Devonshire,Duchess of Devonshire,[2.0],,,
1,Duncan Ross,Duncan Ross,[2.0],,Ross / Mr. Duncan Ross,"[1.547722557505166, 1.8451542547285165]"
1,Dundas,Dundas,[2.0],,,
1,Mr. Bardle,Bardle,[1.7453559924999298],,Bardle,[1.7453559924999298]
1,Barton,Barton,[2.0],,Hill Barton / Bart,"[1.7071067811865475, 1.7745966692414834]"
1,Bart,Barton,[1.7745966692414834],,Bartholomew / Hill Barton / Barton,"[1.547722557505166, 1.547722557505166, 1.7745966692414834]"
1,Moore Agar,Moore Agar,[2.0],,,
1,Miss Irene Adler,Irene Adler,[1.816496580927726],,Irene Adler / Adler / Irene / Miss Irene / Miss Adler,"[1.816496580927726, 1.5163977794943222, 1.5163977794943222, 1.7745966692414834, 1.7745966692414834]"
1,Montgomery,Montgomery,[2.0],,,
1,Mister Sherlock Holmes,Sherlock Holmes,[1.8164965809277258],,Sherlock Holmes / Mr. Sherlock Holmes / Sherlock,"[1.8164965809277258, 1.6048500831437928, 1.5773502691896257]"
1,Bardle,Bardle,[2.0],,Mr. Bardle,[1.7453559924999298]
1,Mr. Lanner,Lanner,[1.7453559924999298],,Lanner,[1.7453559924999298]
1,Mr. Morse Hudson,Mrs. Hudson,[1.6348469228349534],,Mrs. Hudson / Hudson / Morse Hudson,"[1.6348469228349534, 1.5773502691896257, 1.8563488385776754]"
1,Mr. Mycroft Holmes,Mycroft Holmes,[1.8744746321952062],,Holmes / Mr. Holmes / Mycroft / Mycroft Holmes,"[1.5423261445466405, 1.727606875108999, 1.5940885257860047, 1.8744746321952062]"
1,Mr. John Hare,John Hare,[1.8164965809277263],,,
1,Mr. Fordham,Fordham,[1.7745966692414834],,Fordham,[1.7745966692414834]
1,Lanner,Lanner,[2.0],,Mr. Lanner,[1.7453559924999298]
1,Jose,Joseph Smith,[1.5222329678670934],,Joseph / Joseph Smith / Franz Josef,"[1.7745966692414834, 1.5222329678670934, 1.547722557505166]"
1,Merivale,Merivale,[2.0],,,
1,Merryweather,Mr. Merryweather,[1.8563488385776754],,Mr. Merryweather,[1.8563488385776754]
1,Messrs. Lestrade,Lestrade,[1.6831300510639733],,Lestrade / Mr. Lestrade / G. Lestrade,"[1.6831300510639733, 1.518830867927189, 1.6348469228349534]"
1,Mary Morstan,Mary,[1.5222329678670934],,Mary / Morstan / Miss Mary Morstan,"[1.5222329678670934, 1.7385489458759964, 1.82915619758885]"
1,Mahomet,Mahomet Singh,[1.7071067811865475],,Mahomet Singh,[1.7071067811865475]
1,Major Freebody,Freebody,[1.7337993857053429],,,
1,Mary Fraser,Mary,[1.547722557505166],,Mary / Fraser / Miss Mary Fraser / Mary--Mary Fraser,"[1.547722557505166, 1.7071067811865475, 1.816496580927726, 1.7905694150420948]"
1,Mary Jane,Mary / Mary Jane,"[1.6123724356957947, 2.0]",,Mary,[1.6123724356957947]
