,count,dirty_character,strongly_suggested,similarity,clean_character
0,1940,Holmes,Mycroft Holmes / Sherlock Holmes,"[1.6201736729460423, 1.597614304667197]",
1,1015,Watson,John H. Watson / Mrs. Watson,"[1.6201736729460423, 1.7071067811865475]",
2,678,Mr. Holmes,,,
3,270,Sherlock Holmes,Sherlock Holmes,[2.0],
4,225,Lestrade,Lestrade,[2.0],
5,134,Henry,,,
6,98,Mr. Sherlock Holmes,Sherlock Holmes,[1.8819171036881968],
7,88,Mortimer,,,
8,84,Charles,,,
9,71,McGinty,,,
10,67,Stapleton,,,
11,61,Barrymore,,,
12,60,Gregson,Tobias Gregson,[1.6793662204867574],
13,54,Jack,,,
14,50,Moriarty,James Moriarty,[1.7337993857053429],
15,50,Barker,,,
16,48,James,James Calhoun / James Moriarty / James Windibank,"[1.5773502691896257, 1.5547001962252291, 1.5345224838248488]",
17,47,McMurdo,,,
18,46,Hopkins,Ezekiah Hopkins / Stanley Hopkins,"[1.6546536707079773, 1.6546536707079773]",
19,44,Mycroft,Mycroft Holmes,[1.6793662204867574],
20,42,Robert,Robert E. Lee,[1.6454972243679027],
21,40,Godfrey,Godfrey Norton,[1.6793662204867574],
22,37,MacDonald,Alec MacDonald,[1.7844645405527362],
23,37,Mr. Douglas,,,
24,36,Mary,Mary / Mary Jane,"[2.0, 1.6123724356957947]",
25,35,Douglas,,,
26,35,Morris,William Morris,[1.6201736729460423],
27,33,Drebber,,,
28,33,Baldwin,,,
29,32,Mrs. Hudson,Mrs. Hudson,[2.0],
30,31,Von Bork,,,
31,31,Jefferson Hope,,,
32,31,Milverton,,,
33,30,Arthur,,,
34,30,Jones,Athelney Jones / Peter Jones,"[1.5547001962252291, 1.632455532033676]",
35,29,Billy,,,
36,29,Mrs. Douglas,,,
37,29,Baskerville,,,
38,28,Ferguson,,,
39,28,Stanley Hopkins,Stanley Hopkins,[2.0],
40,28,Ettie,,,
41,27,Ames,,,
42,27,Baynes,Baynes,[2.0],
43,26,John Ferrier,,,
44,25,Mr. Mac,,,
45,25,Garcia,,,
46,25,Toby,,,
47,25,Scanlan,,,
48,25,Mr. Bennett,,,
49,24,Ross,Duncan Ross,[1.547722557505166],
50,24,McCarthy,,,
51,24,Ferrier,,,
52,23,Bannister,,,
53,23,St. Simon,,,
54,23,Brunton,,,
55,22,Sholto,Bartholomew Sholto,[1.5423261445466405],
56,22,Peter Carey,,,
57,22,Jove,,,
58,22,Henry Baskerville,,,
59,21,Sherlock,Sherlock Holmes,[1.7071067811865475],
60,21,Susan,,,
61,21,Miss Cushing,,,
62,21,Miss Dunbar,,,
63,20,Stangerson,,,
64,20,Gennaro,,,
65,20,Mr. Barker,,,
66,20,Straker,,,
67,20,Sarah,,,
68,20,Moran,,,
69,20,Lucy,,,
70,19,Mr. Rucastle,,,
71,19,Frank,,,
72,18,Mortimer Tregennis,,,
73,18,Miss Hunter,,,
74,18,George,George Sand,[1.7071067811865475],
75,18,Mr. Soames,,,
76,18,White Mason,,,
77,18,Blessington,,,
78,17,McPherson,,,
79,17,Mr. Lestrade,Lestrade,[1.7977240352174655],
80,17,Mr. Gibson,,,
81,17,Mr. Melas,,,
82,17,Huxtable,,,
83,17,Coombe Tracey,,,
84,17,Mrs. Barclay,,,
85,17,Mrs. Warren,,,
86,17,Joseph,Joseph Openshaw / Joseph Smith,"[1.597614304667197, 1.674199862463242]",
87,16,Masser Holmes,,,
88,16,Emsworth,,,
89,16,Mr. Carruthers,,,
90,16,Phelps,,,
91,15,Napoleon,,,
92,15,Jonathan Small,Jonathan Small,[2.0],
93,15,Godfrey Staunton,,,
94,15,Charles Baskerville,,,
95,15,Wilson,Jabez Wilson,[1.674199862463242],
96,15,Miss Stoner,,,
97,14,Trevor,,,
98,14,McFarlane,,,
99,14,Irene Adler,Irene Adler,[2.0],
100,14,Mr. Windibank,,,
101,14,Carruthers,,,
102,14,Boss McGinty,,,
103,14,Stackhurst,,,
104,14,William,William Morris / William Clark Russell,"[1.6793662204867574, 1.547722557505166]",
105,14,Cadogan West,,,
106,14,Holdhurst,,,
107,14,Woodley,,,
108,13,Hill,Hill,[2.0],
109,13,Musgrave,,,
110,13,Mrs. Rucastle,,,
111,13,Leonardo,,,
112,13,Birdy Edwards,,,
113,13,Simpson,,,
114,13,John,John Hare / John B. Hood / John Clay / John Swain,"[1.6123724356957947, 1.5222329678670934, 1.6123724356957947, 1.5773502691896257]",
115,13,Oberstein,,,
116,13,Thaddeus Sholto,,,
117,13,Trevelyan,,,
118,13,Mr. Wilson,,,
119,13,Mr. Sholto,,,
120,13,Mr. Hosmer Angel,,,
121,13,Mr. Holder,,,
122,13,Mr. Cunningham,,,
123,13,Athelney Jones,Athelney Jones,[2.0],
124,12,Frankland,,,
125,12,Ted Baldwin,,,
126,12,Alice,,,
127,12,Selden,,,
128,12,Bradstreet,Bradstreet,[2.0],
129,12,Sahib,,,
130,12,Cecil Barker,,,
131,12,Bartholomew,Bartholomew Sholto,[1.7669649888473704],
132,12,Mount-James,,,
133,12,Miss Harrison,,,
134,12,Mr. Phelps,,,
135,12,Bennett,,,
136,12,Lady Brackenstall,,,
137,12,Martin,Martin,[2.0],
138,11,Peterson,,,
139,11,Smith,Joseph Smith,[1.6030226891555273],
140,11,Miss Stapleton,,,
141,11,Mr. Ferguson,,,
142,11,Mr. Merryweather,Mr. Merryweather,[2.0],
143,11,Achmet,Achmet,[2.0],
144,11,Marvin,,,
145,11,Gar,,,
146,11,Horner,,,
147,11,Lucas,,,
148,11,Sterndale,,,
149,11,Cartwright,,,
150,11,Openshaw,Elias Openshaw / John Openshaw / Joseph Openshaw,"[1.7337993857053429, 1.7637626158259734, 1.7071067811865475]",
151,11,Lady Frances,,,
152,11,Ralph,,,
153,11,Mycroft Holmes,Mycroft Holmes,[2.0],
154,11,Henderson,,,
155,11,Armstrong,,,
156,11,Roylott,,,
157,11,John Straker,,,
158,10,Ronder,,,
159,10,Mr. Gregson,,,
160,10,Dolores,,,
161,10,Mr. Jonas Oldacre,,,
162,10,Soames,,,
163,10,Elsie,,,
164,10,Mrs. Laura Lyons,,,
165,10,Mrs. Merrilow,,,
166,10,Lucy Ferrier,,,
167,10,Mrs. Allen,,,
168,10,Mrs. Lyons,,,
169,10,Wiggins,,,
170,10,Mawson,,,
171,10,Barclay,,,
172,9,Duke,,,
173,9,Williamson,,,
174,9,Gloria Scott,,,
175,9,Beppo,,,
176,9,Gregory,Gregory,[2.0],
177,9,Toller,,,
178,9,Mrs. Cecil Forrester,Forrester,[1.6488856845230502],
179,9,Porlock,,,
180,9,Mrs. St. Clair,,,
181,9,Mr. Blessington,,,
182,9,Presbury,,,
183,9,Hudson,Mrs. Hudson,[1.7071067811865475],
184,9,Barnicot,,,
185,9,Scott Eccles,,,
186,9,Theresa,,,
187,9,Murdoch,,,
188,8,Hilton Cubitt,,,
189,8,Peters,,,
190,8,Eustace,,,
191,8,Mrs. Smith,,,
192,8,Mr. Mason,,,
193,8,Mr. McCarthy,,,
194,8,Mr. Woodley,,,
195,8,Mr. Neville St. Clair,,,
196,8,Mr. Acton,Mr. Acton,[2.0],
197,8,Mahomet Singh,Mahomet Singh,[2.0],
198,8,Prendergast,Prendergast,[2.0],
199,8,Cunningham,,,
200,8,Mordecai Smith,,,
201,8,Pompey,,,
202,8,Mr. Baynes,Baynes,[1.7453559924999298],
203,8,Baron Gruner,,,
204,8,Mr. Thaddeus Sholto,,,
205,8,Mr. Thaddeus,,,
206,8,Neligan,,,
207,8,Grimesby Roylott,,,
208,8,Shlessinger,,,
209,8,Vermissa,,,
210,8,Mrs. Maberley,,,
211,8,Mr. Culverton Smith,,,
212,8,Mr. Drebber,,,
213,8,Mr. Hilton Cubitt,,,
214,8,Gorgiano,,,
215,7,Hunter,,,
216,7,Mr. Trevor,,,
217,7,Steve,,,
218,7,Hobson,,,
219,7,Mr. Garrideb,,,
220,7,Gilchrist,,,
221,7,Alec Cunningham,,,
222,7,Mrs. Mason,,,
223,7,Ronald Adair,Ronald Adair,[2.0],
224,7,Neville St. Clair,,,
225,7,Norwood,,,
226,7,Hayes,,,
227,7,Adair,Hilda Adair / Ronald Adair,"[1.632455532033676, 1.6030226891555273]",
228,7,Fitzroy Simpson,,,
229,7,Forbes,Forbes,[2.0],
230,7,Mr. James Wilder,,,
231,7,Evans,,,
232,7,Mr. Nathan Garrideb,,,
233,7,Coram,,,
234,7,Colonel Lysander Stark,Colonel Lysander Stark,[2.0],
235,7,George Burnwell,,,
236,7,Mr. Scott Eccles,,,
237,7,Prescott,,,
238,7,Mr. Wilder,,,
239,7,Martha,,,
240,7,Willoughby Smith,,,
241,7,Johnson,,,
242,7,Mrs. Stapleton,,,
243,7,Mr. Jabez Wilson,Jabez Wilson,[1.8563488385776754],
244,7,Mr. McFarlane,,,
245,7,Leslie Armstrong,,,
246,7,Freeman,,,
247,7,Jim,,,
248,7,Baden,,,
249,6,Bartholomew Sholto,Bartholomew Sholto,[2.0],
250,6,Mrs. Porter,,,
251,6,Mrs. Oakshott,,,
252,6,Norbury,,,
253,6,Lawler,,,
254,6,Walters,,,
255,6,Ian Murdoch,,,
256,6,Breckinridge,,,
257,6,Mr. McMurdo,,,
258,6,Hugo Baskerville,,,
259,6,Mrs. Straker,,,
260,6,Mr. Henry Baker,,,
261,6,Hosmer,,,
262,6,Black Peter,,,
263,6,Mrs. Forrester,Forrester,[1.7844645405527362],
264,6,Mr. Stapleton,,,
265,6,Mrs. Bernstone,,,
266,6,Miss Mary Sutherland,Mary Sutherland,[1.8583950752789522],
267,6,Miss Morrison,,,
268,6,Lady Hilda,,,
269,6,William Kirwan,,,
270,6,Mr. Alec,,,
271,6,Hall Pycroft,,,
272,6,Mrs. Hilton Cubitt,,,
273,6,Mr. Athelney Jones,Athelney Jones,[1.8744746321952062],
274,6,Sam,,,
275,6,Mr. Smith,,,
276,6,Wood,,,
277,6,Murphy,,,
278,6,John Douglas,,,
279,6,Perkins,,,
280,6,Mrs. Marker,,,
281,6,Mr. Duncan Ross,Duncan Ross,[1.8451542547285165],
282,6,Thaddeus,,,
283,6,Cantlemere,,,
284,6,Mr. Neil Gibson,,,
285,6,Mr. White Mason,,,
286,6,Mr. Barrymore,,,
287,6,Acton,Mr. Acton,[1.7071067811865475],
288,6,Dawson,,,
289,6,Frances,,,
290,6,Jacky,,,
291,6,Mrs. Toller,,,
292,6,Mr. Staunton,,,
293,6,Roy,,,
294,6,Mr. Mortimer Tregennis,,,
295,5,Brenda,,,
296,5,Esher,,,
297,5,Oldacre,,,
298,5,Mr. Joseph Stangerson,,,
299,5,Mrs. Barrymore,,,
300,5,Abdullah Khan,Abdullah Khan,[2.0],
301,5,Barney,,,
302,5,Mr. Turner,Mrs. Turner,[1.7321629316004565],
303,5,Marie,,,
304,5,Stephens,,,
305,5,Mr. Jones,,,
306,5,Harold,,,
307,5,Mr. Horace Harker,Horace,[1.5590169943749475],
308,5,Overton,,,
309,5,Halliday,,,
310,5,Halloa,,,
311,5,Alec,,,
312,5,Bradshaw,,,
313,5,Heidegger,,,
314,5,Frances Carfax,,,
315,5,Mr. Warren,,,
316,5,Mr. Roundhay,,,
317,5,Mr. Sandeford,,,
318,5,Percy Phelps,,,
319,5,Killer Evans,,,
320,5,Mr. Hall Pycroft,,,
321,5,John Openshaw,John Openshaw,[2.0],
322,5,Shinwell Johnson,,,
323,5,Winchester,,,
324,5,Sam Merton,,,
325,5,Sebastian Moran,,,
326,5,Mr. Gilchrist,,,
327,5,Mr. Oldacre,,,
328,5,Charpentier,,,
329,5,Baron,,,
330,5,Morton,Morton,[2.0],
331,5,Josiah Amberley,,,
332,5,Croker,,,
333,5,Mr. Fowler,Mr. Fowler,[2.0],
334,5,Lady St. Simon,,,
335,5,Rance,,,
336,5,Dost Akbar,Dost Akbar,[2.0],
337,5,Chester Wilcox,,,
338,5,Mr. Hatherley,,,
339,5,K. K. K.,,,
340,5,Andrews,,,
341,5,Joseph Stangerson,,,
342,5,Mr. Pycroft,,,
343,5,Vincent Spaulding,,,
344,5,Effie,,,
345,5,Miss Sutherland,Mr. Sutherland / Ned Sutherland,"[1.5104800858918703, 1.5104800858918703]",
346,5,Eduardo Lucas,,,
347,5,Mr. Pinner,,,
348,5,Mr. McPherson,,,
349,5,Murillo,,,
350,5,James Mortimer,,,
351,4,Annie,,,
352,4,Grant Munro,,,
353,4,Bob,,,
354,4,Mr. Cornelius,,,
355,4,Percy,,,
356,4,Grimpen,,,
357,4,Mrs. King,,,
358,4,James Walter,,,
359,4,Mr. James M. Dodd,,,
360,4,John Clay,John Clay,[2.0],
361,4,Randall,,,
362,4,Jules Vibart,,,
363,4,Mr. Frankland,,,
364,4,Mrs. Ronder,,,
365,4,Ralph Smith,,,
366,4,Shoscombe Prince,,,
367,4,Hilda,Hilda Adair,[1.632455532033676],
368,4,Barney Stockdale,,,
369,4,Lopez,,,
370,4,Mr. Dodd,,,
371,4,Mr. Beddoes,,,
372,4,Hope,,,
373,4,Boone,,,
374,4,Hugh Boone,,,
375,4,Leon Sterndale,,,
376,4,Godfrey Emsworth,,,
377,4,Silas Brown,,,
378,4,Mr. Bates,,,
379,4,Mr. Baldwin,,,
380,4,Mr. Harding,Mr. Hardy,[1.6576237921249264],
381,4,Rachel Howells,,,
382,4,Steiner,,,
383,4,Mr. Godfrey Staunton,,,
384,4,Anna,,,
385,4,Jack McMurdo,,,
386,4,James Barclay,,,
387,4,Stepney,,,
388,4,Pinner,,,
389,4,Pietro,,,
390,4,Mr. Garcia,,,
391,4,Mr. Cecil Barker,,,
392,4,Mitton,,,
393,4,Jonathan,Jonathan Small,[1.7337993857053429],
394,4,Mr. Reuben Hayes,,,
395,4,Mr. John Douglas,,,
396,4,Enoch Drebber,,,
397,4,Woodman,,,
398,4,Miss Smith,,,
399,4,Parker,,,
400,4,Cheeseman,,,
401,4,Palmer,,,
402,4,Mr. Latimer,,,
403,4,Browner,,,
404,4,Nancy,,,
405,4,Mr. Overton,,,
406,4,Tut,,,
407,4,David,,,
408,4,Mr. Joseph Harrison,,,
409,4,Fairbairn,,,
410,4,Cornish,,,
411,4,Baskerville Hall,,,
412,4,Coxon,,,
413,4,Mr. Josiah Amberley,,,
414,4,Young,,,
415,4,Cyril Overton,,,
416,4,Mr. Aloysius Doran,,,
417,4,Abe Slaney,,,
418,4,Brother McMurdo,,,
419,4,Morse Hudson,,,
420,4,Edith,,,
421,4,Miss Violet de Merville,,,
422,4,Mr. Tregennis,,,
423,4,Miss Violet Smith,,,
424,4,Victor,,,
425,4,Tiger Cormac,,,
426,4,Mr. Amberley,,,
427,3,Houndsditch,,,
428,3,Jacobs,,,
429,3,Jacob Shafter,,,
430,3,Miss Marie Devine,,,
431,3,Hosmer Angel,,,
432,3,Jackson,Thomas J. Jackson,[1.6123724356957947],
433,3,Lal Chowdar,,,
434,3,Lal Rao,,,
435,3,Dupin,,,
436,3,Jacobson,,,
437,3,Miss Burnet,,,
438,3,Mrs. Gibson,,,
439,3,Bodymaster,,,
440,3,Jack McGinty,,,
441,3,Mr. Sutro,,,
442,3,Mr. Harker,,,
443,3,Neville,,,
444,3,Beatrice,,,
445,3,Miss Hatty Doran,,,
446,3,Walter,,,
447,3,Mr. Musgrave,,,
448,3,Devine,,,
449,3,Becher,,,
450,3,Lecoq,Monsieur Lecoq,[1.5547001962252291],
451,3,Mr. Green,,,
452,3,Mr. Grant Munro,,,
453,3,Neill,,,
454,3,Miss Dobney,,,
455,3,Whitney,,,
456,3,Dodd,,,
457,3,L. L.,,,
458,3,Mr. Stangerson,,,
459,3,Cyril,,,
460,3,Mrs. Watson,Mrs. Watson,[2.0],
461,3,Julia,,,
462,3,Miss Stoper,,,
463,3,Charles Augustus Milverton,,,
464,3,Mr. Robert Ferguson,,,
465,3,John Mason,,,
466,3,Mr. Sidney Johnson,,,
467,3,Robert St. Simon,,,
468,3,Miss Turner,,,
469,3,John Rance,,,
470,3,Anderson,,,
471,3,Murcher,,,
472,3,Joseph Smith,Joseph Smith,[2.0],
473,3,Joseph Harrison,,,
474,3,Rodger Baskerville,,,
475,3,Abdullah,Abdullah Khan,[1.7637626158259734],
476,3,Jonas Oldacre,,,
477,3,Mr. Eduardo Lucas,,,
478,3,Charlington Heath,,,
479,3,Kate,,,
480,3,Baron Adelbert Gruner,,,
481,3,William Crowder,,,
482,3,Coward,,,
483,3,Cormac,,,
484,3,Williams,,,
485,3,Mr. St. Clair,,,
486,3,Mr. McGinty,,,
487,3,Reginald Musgrave,,,
488,3,Reichenbach,,,
489,3,Sally,,,
490,3,Jem,,,
491,3,Reilly,,,
492,3,Jim Browner,,,
493,3,Jim Carnaway,,,
494,3,Jimmie,,,
495,3,Christ,,,
496,3,Miss Sarah,,,
497,3,Miss Alice,,,
498,3,Mr. James Windibank,James Windibank,[1.8819171036881968],
499,3,Wallington,,,
500,3,Stanger,,,
501,3,Ernest,,,
502,3,Pope,,,
503,3,Mrs. Charpentier,,,
504,3,Greuze,,,
505,3,Harker,,,
506,3,Merton,,,
507,3,Hayter,,,
508,3,Adelbert,,,
509,3,Mrs. Saunders,,,
510,3,Mother,,,
511,3,Albert,Prince Albert,[1.6454972243679027],
512,3,Mercer,,,
513,3,Lyons,,,
514,3,Spaulding,,,
515,3,Menzies,,,
516,3,Mr. Von Bork,,,
517,3,Mr. John Garrideb,,,
518,3,Fitzroy,,,
519,3,Philip Green,,,
520,3,Straubenzee,,,
521,3,Patch,,,
522,3,Mrs. Browner,,,
523,3,Mr. Bartholomew Sholto,Bartholomew Sholto,[1.8997354108424374],
524,3,MacKinnon,MacKinnon,[2.0],
525,3,Staunton,,,
526,3,Flora,,,
527,3,Beecher,,,
528,3,Mason,,,
529,3,Hill Barton,Barton / Hill,"[1.7071067811865475, 1.547722557505166]",
530,3,Mike Scanlan,,,
531,3,Eccles,,,
532,3,Mr. Ian Murdoch,,,
533,3,Morstan,,,
534,3,Mr. Trelawney Hope,,,
535,3,Godfrey Norton,Godfrey Norton,[2.0],
536,3,Theresa Wright,,,
537,3,Miller Hill,Hill,[1.547722557505166],
538,3,Victor Savage,,,
539,3,Mr. Lucas,,,
540,3,Bellinger,,,
541,3,Jonathan Wild,,,
542,3,Alexis,,,
543,3,Percy Trevelyan,,,
544,3,Turner,Mrs. Turner,[1.7071067811865475],
545,3,Enoch J. Drebber,,,
546,3,Mr. Angel,,,
547,3,Englischer Hof,,,
548,3,Lowenstein,,,
549,3,Patrick Cairns,,,
550,3,Harold Stackhurst,,,
551,3,Mr. Baker,,,
552,2,Reuben Hayes,,,
553,2,Miss Sarah Cushing,,,
554,2,Miss S. Cushing,,,
555,2,Paramore,Paramore,[2.0],
556,2,Maud,,,
557,2,Baron Von Herling,,,
558,2,McCauley,McCauley,[2.0],
559,2,Maggie,,,
560,2,Master Godfrey,,,
561,2,Matilda Briggs,,,
562,2,Patrick,,,
563,2,Blackheath,,,
564,2,Murray,,,
565,2,Marx,,,
566,2,Mr. Altamont,,,
567,2,Mr. Cubitt,,,
568,2,Paul,,,
569,2,Beryl,,,
570,2,Muirhead,,,
571,2,Armitage,,,
572,2,Peter,Peter Jones,[1.632455532033676],
573,2,Robert Norberton,,,
574,2,Robert Ferguson,,,
575,2,Annie Morrison,,,
576,2,Miss Rucastle,,,
577,2,Ridling Thorpe Manor,,,
578,2,Mr. Alec Cunningham,,,
579,2,Mr. Barnes,,,
580,2,Leslie Oakshott,,,
581,2,Macphail,,,
582,2,Kilburn,,,
583,2,Mrs. Tangey,,,
584,2,Langdale Pike,,,
585,2,Bhurtee,,,
586,2,Mrs. Norlett,,,
587,2,Bayard,,,
588,2,Mr. Bellamy,,,
589,2,Rachel,,,
590,2,Latimer,,,
591,2,Miss Flora Millar,,,
592,2,Anthony,,,
593,2,Pycroft,,,
594,2,Prophet,,,
595,2,Miss Ettie Shafter,,,
596,2,Miss Ettie,,,
597,2,Mrs. Oldmore,,,
598,2,Miss Doran,,,
599,2,Mr. Ames,,,
600,2,Norman Neruda,,,
601,2,Beddington,,,
602,2,Morrison,,,
603,2,Birlstone,,,
604,2,Lamberley,,,
605,2,Lucy Parr,,,
606,2,Miss Kitty Winter,,,
607,2,Mr. Abe Slaney,,,
608,2,Mr. Abelwhite,,,
609,2,MacPherson,,,
610,2,King of Scandinavia,King of Scandinavia,[2.0],
611,2,MacNamara,,,
612,2,Regina,,,
613,2,Ku Klux Klan,,,
614,2,Bellamy,,,
615,2,Lady Beatrice,,,
616,2,Ray Ernest,,,
617,2,Mrs. Vandeleur,,,
618,2,Melville,,,
619,2,Prince,Prince Albert,[1.6454972243679027],
620,2,Miss Presbury,,,
621,2,Lady Frances Carfax,,,
622,2,Owen,,,
623,2,Morcar,,,
624,2,Poe,,,
625,2,Miss Mary Morstan,,,
626,2,Melas,,,
627,2,M. Moser,,,
628,2,Lady Eva,,,
629,2,Mr. Sherman,,,
630,2,Mr. Cummings,,,
631,2,Uncle Sam,,,
632,2,Mr. John Hector McFarlane,,,
633,2,Mr. John Mason,,,
634,2,Mr. John Scott Eccles,,,
635,2,Mr. John Turner,,,
636,2,Adelbert Gruner,,,
637,2,Tudor,,,
638,2,Fraser,,,
639,2,Tuson,,,
640,2,U. S. A.,,,
641,2,Fournaye,,,
642,2,Fordham,Fordham,[2.0],
643,2,Verner,,,
644,2,Flora Millar,,,
645,2,Fitzroy McPherson,,,
646,2,Mr. Josiah Brown,,,
647,2,Ezekiah Hopkins,Ezekiah Hopkins,[2.0],
648,2,Evans Pott,,,
649,2,Valentine Walter,,,
650,2,Eva,,,
651,2,Eustace Brackenstall,,,
652,2,Van Seddar,,,
653,2,Buddha,,,
654,2,Brown,Sam Brown,[1.7071067811865475],
655,2,Tobias Gregson,Tobias Gregson,[2.0],
656,2,Mr. John Clay,John Clay,[1.8164965809277263],
657,2,Gentile,,,
658,2,Mr. James Desmond,,,
659,2,Susan Tarlton,,,
660,2,Sutton,,,
661,2,Grimpen Mire,,,
662,2,Griggs,,,
663,2,Swandam Lane,,,
664,2,Jonas Pinto,,,
665,2,Ted,,,
666,2,Agatha,Agatha,[2.0],
667,2,Teddy,,,
668,2,Mr. James McCarthy,,,
669,2,Gorot,,,
670,2,Gordon,,,
671,2,Goethe,,,
672,2,Gladstone,Gladstone,[2.0],
673,2,Giuseppe Gorgiano,,,
674,2,Mr. Jefferson Hope,,,
675,2,Mr. Willoughby Smith,,,
676,2,Mr. Williamson,,,
677,2,Thorneycroft Huxtable,,,
678,2,Thurston,,,
679,2,Eminent Bodymaster,,,
680,2,Elrige,,,
681,2,Mr. Windigate,,,
682,2,Winwood Reade,,,
683,2,Mr. Murdoch,,,
684,2,Damery,,,
685,2,Cyril Morton,Morton,[1.674199862463242],
686,2,Crockford,,,
687,2,Cowper,,,
688,2,Count Sylvius,,,
689,2,William the coachman,,,
690,2,Claridge,,,
691,2,Christie,,,
692,2,Mr. Percy Phelps,,,
693,2,Charles the Second,,,
694,2,Elman,,,
695,2,Charles the First,,,
696,2,Yew Alley,,,
697,2,Audley Court,,,
698,2,Cavendish,,,
699,2,Catherine Cusack,,,
700,2,Castalotte,,,
701,2,Abelwhite,,,
702,2,Carter,,,
703,2,Mr. Shafter,,,
704,2,Carlo,,,
705,2,Wilder,,,
706,2,Daulat Ras,,,
707,2,De Merville,,,
708,2,Dennis,,,
709,2,Victor Trevor,,,
710,2,Elias,Elias Openshaw,[1.5547001962252291],
711,2,Edwards,,,
712,2,Edmunds,,,
713,2,Edith Baxter,,,
714,2,Adams,Adams,[2.0],
715,2,ELSIE,,,
716,2,Von Herder,,,
717,2,Dunn,,,
718,2,Dunlop,,,
719,2,Von Kramm,,,
720,2,Waldron,,,
721,2,Dr. Watson,Mrs. Watson,[1.5156425651503995],
722,2,Dr. Lysander Starr,Dr. Lysander Starr,[2.0],
723,2,Douglas Maberley,,,
724,2,Mr. Merton,,,
725,2,Dorak,,,
726,2,Don Murillo,,,
727,2,Cadogen West,,,
728,2,Mr. Moriarty,,,
729,2,Desborough,,,
730,2,Akbar,Dost Akbar,[1.6666666666666665],
731,2,Sylvius,,,
732,2,Hargrave,,,
733,2,Jack Woodley,,,
734,2,James Wilder,,,
735,2,James Stanger,,,
736,2,Saunders,,,
737,2,James Ryder,,,
738,2,James Moriarty,James Moriarty,[2.0],
739,2,James McCarthy,,,
740,2,Sawyer,,,
741,2,Saxon,,,
742,2,James Damery,,,
743,2,Mr. Godfrey,,,
744,2,Sarah Cushing,,,
745,2,Mr. Godfrey Norton,Godfrey Norton,[1.8744746321952062],
746,2,Harley Street,,,
747,2,Sergius,,,
748,2,Jabez Wilson,Jabez Wilson,[2.0],
749,2,Jabez Gilchrist,,,
750,2,Sherman,,,
751,2,Isadora Klein,,,
752,2,Isa Whitney,,,
753,2,Mr. Hardy,Mr. Hardy,[2.0],
754,2,James Windibank,James Windibank,[2.0],
755,2,Jane Stewart,,,
756,2,Ikey Sanders,,,
757,2,Rucastles,,,
758,2,Rodger,,,
759,2,Rodger Prescott,,,
760,2,Mr. Detective,,,
761,2,John Swain,John Swain,[2.0],
762,2,John Mitton,,,
763,2,John McMurdo,,,
764,2,Mr. Doran,,,
765,2,Rucastle,,,
766,2,John Horner,,,
767,2,John Hector McFarlane,,,
768,2,Mrs. Hayes,,,
769,2,Mrs. Lexington,,,
770,2,John Clayton,John Clay,[1.8528028654224418],
771,2,Bob Carruthers,,,
772,2,Saltire,,,
773,2,Sam Brewer,,,
774,2,Bob Ferguson,,,
775,2,Jefferson,,,
776,2,Jean Baptiste Greuze,,,
777,2,Mr. Forbes,Forbes,[1.7453559924999298],
778,2,Mr. Harris,,,
779,2,Jack James,,,
780,2,Bodymaster McGinty,,,
781,2,Bradley,,,
782,2,Harrow,,,
783,2,Hilda Trelawney Hope,,,
784,2,Helen,,,
785,2,Harrow Weald,,,
786,2,Harvey,,,
787,2,Barnes,,,
788,2,Henry Wood,,,
789,2,Somerton,,,
790,2,Alec Fairbairn,,,
791,2,Hatherley,,,
792,2,Henry Baker,,,
793,2,Stapletons,,,
794,2,Brenda Tregennis,,,
795,2,Henri Fournaye,,,
796,2,Sophy,,,
797,2,Spence Munro,,,
798,2,Stark,,,
799,2,Howells,,,
800,2,Boer,,,
801,2,Hugo,,,
802,2,Simon,,,
803,2,Harraway,,,
804,2,Horace,Horace,[2.0],
805,2,Harold Latimer,,,
806,2,Mr. Henderson,,,
807,2,Algar,,,
808,2,Sinclair,,,
809,2,Slaney,,,
810,1,Arthur Charpentier,,,
811,1,Atwood,,,
812,1,Mr. Standback,,,
813,1,Mrs. Larbey,,,
814,1,Athene,,,
815,1,Arthur Willaby,,,
816,1,Arthur Cadogan West,,,
817,1,Muller,,,
818,1,Mr. Slaney,,,
819,1,Armitage--Percy Armitage,,,
820,1,Arthur Pinner,,,
821,1,Mr. Silas Brown,,,
822,1,Mrs. Woodley,,,
823,1,Mrs. Sawyer,,,
824,1,Mrs. Amberley,,,
825,1,Mrs. Lucca,,,
826,1,Mrs. Francis Hay Moulton,,,
827,1,Mr. Stanger,,,
828,1,Mrs. McGregor,,,
829,1,Mr. Victor Hatherley,,,
830,1,Mrs. Peters,,,
831,1,Mrs. Farintosh,,,
832,1,Mrs. Etherege,Mrs. Etherege,[2.0],
833,1,Mr. Trevor Bennett,,,
834,1,Mrs. Pringle,,,
835,1,Arthur Morstan,,,
836,1,Mr. William Morris,William Morris,[1.8744746321952062],
837,1,Mrs. Dixon,,,
838,1,Mrs. Stewart,,,
839,1,Mrs. Stoner,,,
840,1,Mrs. Moulton,,,
841,1,Mr. Treasurer,,,
842,1,Mrs. Carey,,,
843,1,Armour,,,
844,1,Mr. Theorist,,,
845,1,Mrs. Harold,,,
846,1,Atkinson,Atkinson,[2.0],
847,1,Mrs. Henry Baker,,,
848,1,Arthur H. Staunton,,,
849,1,Mrs. Turner,Mrs. Turner,[2.0],
850,1,Mrs. Shlessinger,,,
851,1,Carlton Club,,,
852,1,Archie Swindon,Archie,[1.6201736729460423],
853,1,Susan Dobney,,,
854,1,Teddy Baldwin,,,
855,1,Teddy Marvin,,,
856,1,Adolph Mayer,,,
857,1,Theophilus Johnson,,,
858,1,Thomas Carlyle,,,
859,1,Thor Mere,,,
860,1,Thor Place,,,
861,1,Thoreau,,,
862,1,Tito Castalotte,,,
863,1,Tobin,,,
864,1,Adler,Irene Adler,[1.632455532033676],
865,1,Todman,,,
866,1,Tom Bellamy,,,
867,1,Tom Dennis,,,
868,1,Tredannick Wartha,,,
869,1,Tregennis,,,
870,1,Trelawney Hope,,,
871,1,Trepoff,Trpoff,[1.5302967433402215],
872,1,"U. S. A.""

Holmes",,,
873,1,Uncle,,,
874,1,Uncle Ralph,,,
875,1,Underwood,,,
876,1,Upwood,,,
877,1,Tavernier,,,
878,1,Strasburg,,,
879,1,Valentine,,,
880,1,Stoner,,,
881,1,Signor Zamba,,,
882,1,Signora Victor Durando,,,
883,1,Silver Blaze,,,
884,1,Silvester,,,
885,1,Simon Bird,,,
886,1,Singleford,,,
887,1,Slater,,,
888,1,Alexander Holder,,,
889,1,Sophy Kratides,,,
890,1,Southerton,,,
891,1,Spencer John,,,
892,1,St. James,,,
893,1,St. Luke,,,
894,1,Alexander Hamilton Garrideb,,,
895,1,Alec MacDonald,Alec MacDonald,[2.0],
896,1,Starr,,,
897,1,Steele,,,
898,1,Steiler,,,
899,1,Aldrige,,,
900,1,Steve Dixie,,,
901,1,Steve Wilson,,,
902,1,Stevenson,,,
903,1,Stimson,,,
904,1,Uriah,,,
905,1,Van Deher,,,
906,1,Signor Castalotte,,,
907,1,Abraham Lincoln,,,
908,1,William Derbyshire,,,
909,1,William Hales,,,
910,1,William Morris,William Morris,[2.0],
911,1,William Whyte,,,
912,1,Willows,,,
913,1,Abernetty,Abernetty,[2.0],
914,1,Wilson Hargreave,,,
915,1,Wilson Kemp,,,
916,1,Windibank,James Windibank,[1.7559289460184544],
917,1,Windle,,,
918,1,Woodhouse,,,
919,1,Aberdonian,,,
920,1,Wordsworth Road,,,
921,1,Ye,,,
922,1,Youghal,Yough,[1.8164965809277263],
923,1,Young Overton,,,
924,1,Young Smith,,,
925,1,Young West,,,
926,1,Yoxley,,,
927,1,Zamba,,,
928,1,Zu Grafenstein,,,
929,1,de Merville,,,
930,1,Abe,,,
931,1,William Baskerville,,,
932,1,Willaby,,,
933,1,Van Jansen,,,
934,1,Wilhelm Gottsreich Sigismond von Ormstein,Wilhelm Gottsreich Sigismond von Ormstein,[2.0],
935,1,Van Shorst,,,
936,1,Vandeleur,,,
937,1,Victor Lynch,,,
938,1,Victoria,,,
939,1,Vincent Square,,,
940,1,Violet,,,
941,1,Violet Hunter,,,
942,1,Vittoria,,,
943,1,Vixen Tor,,,
944,1,Von Bischoff,,,
945,1,W. Long,,,
946,1,Wainwright,,,
947,1,Wallenstein,Wallenstein,[2.0],
948,1,Warburton,,,
949,1,Wardlaw,,,
950,1,Waylight,,,
951,1,West,,,
952,1,Westaway,,,
953,1,Whereat Hugo,,,
954,1,Whitaker,,,
955,1,White Hart,,,
956,1,Abrahams,Abrahams,[2.0],
957,1,Wilcox,,,
958,1,Signor Rulli,,,
959,1,Sigerson,,,
960,1,Musgrave Ritual,,,
961,1,Palladio,,,
962,1,Park Lane,,,
963,1,Pathan,,,
964,1,Patience Moran,,,
965,1,Patterson,Patterson / Grice Patersons,"[2.0, 1.5364378277661475]",
966,1,Paul Kratides,,,
967,1,Peckham,,,
968,1,Penrose Fisher,,,
969,1,Pete,Peter Jones,[1.547722557505166],
970,1,Peter Jones,Peter Jones,[2.0],
971,1,Peter Steiler,,,
972,1,Anne,,,
973,1,Philippe de Croy,,,
974,1,Pierrot,,,
975,1,Pietro Venucci,,,
976,1,Pinchin Lane,,,
977,1,Pinkerton,,,
978,1,Pinto,,,
979,1,Pitt,,,
980,1,Police-Constable Cook,,,
981,1,Pollack,,,
982,1,Poor Alice,,,
983,1,Porky,,,
984,1,Porky Shinwell,,,
985,1,Pancras,,,
986,1,Paganini,,,
987,1,Potter,,,
988,1,Anstruther,,,
989,1,Musgraves,,,
990,1,Archie Stamford,Archie,[1.597614304667197],
991,1,Archie,Archie,[2.0],
992,1,N. W. Got,,,
993,1,Nana Sahib,,,
994,1,Nancy Devoy,,,
995,1,Antonio,,,
996,1,Nathan Garrideb,,,
997,1,Near,,,
998,1,Ned,,,
999,1,Ned Hunter,,,
1000,1,Neil Gibson,,,
1001,1,Nelson,,,
1002,1,Nicholson,,,
1003,1,Nihilist Klopman,,,
1004,1,Norah Creina,,,
1005,1,Norlett,,,
1006,1,Norman Conquest,,,
1007,1,Norman Hugos,,,
1008,1,Norton,Morton / Godfrey Norton,"[1.6, 1.6201736729460423]",
1009,1,Oakshott,,,
1010,1,Odley,,,
1011,1,Oliver,,,
1012,1,Port Blair,,,
1013,1,Predergast,Prendergast,[1.7321629316004565],
1014,1,Sierra Blanco,,,
1015,1,Alton,,,
1016,1,Sam Brown,Sam Brown,[2.0],
1017,1,Samson,,,
1018,1,Samuel,,,
1019,1,Sandy Bain,,,
1020,1,Sanger,,,
1021,1,Aloysius Doran,,,
1022,1,Sarasate,Sarasate,[2.0],
1023,1,Savage,,,
1024,1,Allardyce,,,
1025,1,Schade,,,
1026,1,Schelmen der Stoff,,,
1027,1,Scotchman,,,
1028,1,Sebastian,,,
1029,1,Allan Water,,,
1030,1,Alison,,,
1031,1,Alicia Whittington,,,
1032,1,Alicia,,,
1033,1,Shipley,,,
1034,1,Alice Morphy,,,
1035,1,Shomu,,,
1036,1,Shoscombe,,,
1037,1,Shuman,,,
1038,1,Sidney Johnson,,,
1039,1,Salvator Rosa,,,
1040,1,SLANE,,,
1041,1,Pritchard,,,
1042,1,S.H,,,
1043,1,Professor Coram,,,
1044,1,Queen Anne,,,
1045,1,Rachel--who,,,
1046,1,Rajpootana,,,
1047,1,Ralph Musgrave,,,
1048,1,Raphael,,,
1049,1,Rear-Admiral Baskerville,,,
1050,1,Richard Brunton,,,
1051,1,Richards,,,
1052,1,Ricoletti,,,
1053,1,Ridling Thorpe,,,
1054,1,Robert Street,,,
1055,1,Robert Walsingham de Vere St. Simon,,,
1056,1,Roberts,,,
1057,1,Rochester Row,,,
1058,1,Rodney,,,
1059,1,Augusto Barelli,,,
1060,1,Andrew Rae,,,
1061,1,America Gennaro,,,
1062,1,Rudge-Whitworth,,,
1063,1,Rue de Trajan,,,
1064,1,Ruffian,,,
1065,1,Rumour,,,
1066,1,Ronald,Ronald Adair,[1.674199862463242],
1067,1,Moonlight,,,
1068,1,Mr. Sherlock,,,
1069,1,Herman Strauss,,,
1070,1,Hatherley Farm-house,,,
1071,1,Hayward,,,
1072,1,Heath,,,
1073,1,Heber C Kemball,,,
1074,1,Heinrich,,,
1075,1,Helen Stoner,,,
1076,1,Helston,,,
1077,1,Henri Murger,,,
1078,1,Henry Bakers,,,
1079,1,Henry Peters,,,
1080,1,Henry Staunton,,,
1081,1,Henry Ward Beecher,,,
1082,1,Herr Heidegger,,,
1083,1,Harry Pinner,,,
1084,1,Higgins,,,
1085,1,High Gable,,,
1086,1,High Holborn,,,
1087,1,Bovington,,,
1088,1,Hindoo,,,
1089,1,Hindoos,,,
1090,1,Bouguereau,,,
1091,1,Hoffman,,,
1092,1,Holdernesse,,,
1093,1,Boswell,Boswell,[2.0],
1094,1,Harry Wood,,,
1095,1,Harry Murcher,,,
1096,1,Holloway,,,
1097,1,Grecian,,,
1098,1,George Sand,George Sand,[2.0],
1099,1,Ghazis,,,
1100,1,Gibson,,,
1101,1,God,,,
1102,1,Bromley Brown,,,
1103,1,Godfrey Milner,,,
1104,1,Broderick,,,
1105,1,Gower,,,
1106,1,Grace,,,
1107,1,Graham,,,
1108,1,Grand Duke of Cassel-Felstein,,,
1109,1,Gray,,,
1110,1,Brethren,,,
1111,1,Harry,,,
1112,1,Grice Patersons,Patterson / Grice Patersons,"[1.5364378277661475, 2.0]",
1113,1,Groat,,,
1114,1,Guliolmi Whyte,,,
1115,1,Gustave Flaubert,Gustave Flaubert,[2.0],
1116,1,H. Lowenstein,,,
1117,1,Hafiz,Hafiz,[2.0],
1118,1,Halle,,,
1119,1,Hampstead Heath,,,
1120,1,Hankey,,,
1121,1,Hans Sloane,,,
1122,1,Harringby,,,
1123,1,Harris,,,
1124,1,Hollis,,,
1125,1,Borgia,,,
1126,1,John Holder,,,
1127,1,Jenkins,,,
1128,1,James Browner,,,
1129,1,James Calhoun,James Calhoun,[2.0],
1130,1,James Desmond,,,
1131,1,James H. Scott,,,
1132,1,James Lancaster,,,
1133,1,James Murdoch,,,
1134,1,James Saunders,,,
1135,1,James Smith,,,
1136,1,James Winter,,,
1137,1,Janet Tregellis,,,
1138,1,Jasper Meek,,,
1139,1,Jean Paul,,,
1140,1,Jephro,,,
1141,1,Boccaccio,,,
1142,1,Jephro Rucastle,,,
1143,1,Jeremy Dixon,,,
1144,1,Jimmie--even,,,
1145,1,Jimmy,,,
1146,1,Jimmy Griggs,,,
1147,1,Johann,,,
1148,1,Johann Faber,,,
1149,1,John Bull,,,
1150,1,John Cobb,,,
1151,1,John Garrideb,,,
1152,1,John H. Watson,John H. Watson,[2.0],
1153,1,John Hardy,John Hare,[1.6999579113843055],
1154,1,James Armitage,,,
1155,1,Jack Prendergast,Prendergast,[1.816496580927726],
1156,1,Holy Peters,,,
1157,1,Bodymaster J. H. Scott,,,
1158,1,Honourable Trelawney Hope,,,
1159,1,Horace Harker,Horace,[1.6454972243679027],
1160,1,Horsom,,,
1161,1,Hugh Pattins,,,
1162,1,Hugo Oberstein,,,
1163,1,Hugo de Capus,,,
1164,1,Hyams,,,
1165,1,I. Lal Chowdar,,,
1166,1,Ian,,,
1167,1,Ikey,,,
1168,1,Ionides,,,
1169,1,Irene,Irene Adler,[1.632455532033676],
1170,1,Irene Norton,,,
1171,1,Jack McMurdo--see,,,
1172,1,Iris,,,
1173,1,Isa,,,
1174,1,Isadora Persano,,,
1175,1,Ivy Lane,,,
1176,1,J. C. Elman,,,
1177,1,J. Davenport,,,
1178,1,J. G. Wood,,,
1179,1,J. Neil Gibson,,,
1180,1,"J. W. Windle D. M. A. O. F.

""Windle",,,
1181,1,JOHN FERRIER,,,
1182,1,Jack Douglas,,,
1183,1,Jack Knox,,,
1184,1,George Meredith,,,
1185,1,George Lewis,,,
1186,1,George Ffolliott,,,
1187,1,Dantzig,,,
1188,1,Cocks,,,
1189,1,Colin,,,
1190,1,Colonna,,,
1191,1,Cook,Cook,[2.0],
1192,1,Calhoun,James Calhoun,[1.7071067811865475],
1193,1,Cornelius,,,
1194,1,Crabbe,,,
1195,1,Culverton Smith,,,
1196,1,Cusack,,,
1197,1,Cuvier,Frédéric Cuvier,[1.597614304667197],
1198,1,Dane,,,
1199,1,Danton,,,
1200,1,Darwin,,,
1201,1,Clayton,,,
1202,1,De Quincey,Thomas De Quincey,[1.75],
1203,1,Deep Dene House,,,
1204,1,Denis Falder,,,
1205,1,Denn,,,
1206,1,Desmonds,,,
1207,1,Devon,,,
1208,1,Dingle,,,
1209,1,Diogenes Club,,,
1210,1,Dolsky,,,
1211,1,Don Juan,,,
1212,1,Donnithorpe,,,
1213,1,Cadogan,,,
1214,1,Clotilde Lothman von Saxe-Meningen,Clotilde Lothman von Saxe-Meningen,[2.0],
1215,1,Clay,John Clay,[1.6123724356957947],
1216,1,Brooks,,,
1217,1,Charles Appledore,,,
1218,1,Carnaway,,,
1219,1,Carrie Evans,,,
1220,1,Carson,,,
1221,1,Carstairs,,,
1222,1,Carina,,,
1223,1,Cathcart Soames,,,
1224,1,Caunter,,,
1225,1,Cawnpore,,,
1226,1,Cecil,,,
1227,1,Carey,,,
1228,1,Cecil James Barker,,,
1229,1,Capus,,,
1230,1,Charles Chandos,,,
1231,1,Clark Russell,William Clark Russell,[1.7745966692414834],
1232,1,Charles Gorot,,,
1233,1,Charles Hardy,,,
1234,1,Charles Milverton,,,
1235,1,Charlie Peace,,,
1236,1,Charlie Williams,,,
1237,1,Charlington Hall,,,
1238,1,Chesterton,,,
1239,1,Chiltern Grange,,,
1240,1,Chiswick,,,
1241,1,Chopin,,,
1242,1,Clapham Junction,,,
1243,1,Clarendon,,,
1244,1,Dovercourt,,,
1245,1,Dr. Ainstree,Dr. Ainstree,[2.0],
1246,1,Dr. Mortimer,,,
1247,1,Fred Porlock,,,
1248,1,Fernworthy,,,
1249,1,Bruce Pinkerton,,,
1250,1,Fordingham,Fordham,[1.513747150773105],
1251,1,Foreman Blaker,,,
1252,1,Forrester,Forrester,[2.0],
1253,1,Francis H. Moulton,,,
1254,1,Francis Prosper,,,
1255,1,Francois Le Villard,,,
1256,1,Browners,,,
1257,1,Franz Josef,,,
1258,1,Fratton,,,
1259,1,Fred,,,
1260,1,Friend MacDonald,,,
1261,1,Draper,,,
1262,1,Friend McMurdo,,,
1263,1,Fritz,,,
1264,1,Fritz von Waldbaum,,,
1265,1,G. Dunbar,,,
1266,1,G. Lestrade,Lestrade,[1.8366600265340756],
1267,1,Gaboriau,Émile Gaboriau,[1.7337993857053429],
1268,1,Gabriel,,,
1269,1,Brother Stangerson,,,
1270,1,Garrideb,,,
1271,1,Garridebs,,,
1272,1,Gelder,,,
1273,1,Gennaro Lucca,,,
1274,1,Bruce-Partington,,,
1275,1,Fairbank,,,
1276,1,Eva Brackwell,,,
1277,1,Eugenia Ronder,,,
1278,1,C.B.,,,
1279,1,Duchess of Devonshire,Duchess of Devonshire,[2.0],
1280,1,Duke of Lomond,,,
1281,1,Duncan Ross,Duncan Ross,[2.0],
1282,1,Dundas,Dundas,[2.0],
1283,1,E. J. Drebber,,,
1284,1,Earl of Carston,,,
1285,1,Earl of Maynooth,,,
1286,1,Earl of Rufton,,,
1287,1,Edgar Allen Poe,,,
1288,1,Edison,,,
1289,1,Edward,,,
1290,1,Edward Holly,,,
1291,1,Egan,,,
1292,1,Eley,,,
1293,1,Elias Whitney,,,
1294,1,Elise,,,
1295,1,Eliza,,,
1296,1,Elizabeth,,,
1297,1,Bushman,,,
1298,1,Emilia Lucca,,,
1299,1,Escott,,,
1300,1,Buda-Pesth,,,
1301,1,Ettie Edwards,,,
1302,1,Ettie Shafter,,,
1303,1,John Hebron,,,
1304,1,John Hopley Neligan,,,
1305,1,Mr. Ryder,,,
1306,1,Mr. Bardle,Bardle,[1.7453559924999298],
1307,1,Morecroft,,,
1308,1,Barton,Barton,[2.0],
1309,1,Morland,,,
1310,1,Mormon Prophet,,,
1311,1,Morphy,,,
1312,1,Bartholomew Wilson,,,
1313,1,Mortimer Maberley,,,
1314,1,Bart,Barton,[1.7745966692414834],
1315,1,Barraud,,,
1316,1,Mr. Aloysius Garcia,,,
1317,1,Mr. Armitage,,,
1318,1,Mr. Arthur Harry Pinner,,,
1319,1,Mr. Bender,,,
1320,1,Carlyle,,,
1321,1,Baron Maupertuis,,,
1322,1,Mr. Boarder,,,
1323,1,Mr. Breckinridge,,,
1324,1,Mr. Brown,,,
1325,1,Mr. Browner,,,
1326,1,Mr. Busybody Holmes,,,
1327,1,Mr. Chairman,,,
1328,1,Mr. Chairman--yourself,,,
1329,1,Mr. Charles McCarthy,,,
1330,1,Mr. Cocksure,,,
1331,1,Mr. Crooked McMurdo,,,
1332,1,Baron Dowson,,,
1333,1,Moore Agar,Moore Agar,[2.0],
1334,1,Montpensier,,,
1335,1,Baron Beverley,,,
1336,1,Baxter,,,
1337,1,Miss Grace Dunbar,,,
1338,1,Miss Helen Stoner,,,
1339,1,Miss Honoria Westphail,,,
1340,1,Miss Irene,,,
1341,1,Miss Irene Adler,Irene Adler,[1.816496580927726],
1342,1,Miss Mary Fraser,,,
1343,1,Miss Mary Holder,,,
1344,1,Miss Maud Bellamy,,,
1345,1,Miss Minnie Warrender,,,
1346,1,Miss Nancy Devoy,,,
1347,1,Miss Rachel,,,
1348,1,Miss Roylott,,,
1349,1,Bates,,,
1350,1,Montgomery,Montgomery,[2.0],
1351,1,Miss Susan Cushing,,,
1352,1,Miss Violet Hunter,,,
1353,1,Miss Violet Westbury,,,
1354,1,Miss Winter,,,
1355,1,Miss de Merville,,,
1356,1,Mister Sherlock Holmes,Sherlock Holmes,[1.8164965809277258],
1357,1,Mister Von Bork,,,
1358,1,Moffat,,,
1359,1,Monaghan,,,
1360,1,Monsieur Bertillon,,,
1361,1,Monsieur Dubugue,,,
1362,1,Monsieur Oscar Meunier,,,
1363,1,Mr. Cyril Overton,,,
1364,1,Mr. Eccles,,,
1365,1,John McFarlane,,,
1366,1,Mr. Mordecai Smith,,,
1367,1,Mr. John Straker,,,
1368,1,Mr. Johnson,,,
1369,1,Bardle,Bardle,[2.0],
1370,1,Mr. Joyce Cummings,,,
1371,1,Mr. Lanner,Lanner,[1.7453559924999298],
1372,1,Mr. Leverton,,,
1373,1,Balzac,,,
1374,1,Mr. MacDonald,,,
1375,1,Mr. Marlow Bates,,,
1376,1,Baldy Simpson,,,
1377,1,Baker,,,
1378,1,Mr. Milverton,,,
1379,1,Mr. Morris,,,
1380,1,Mr. John Bull,,,
1381,1,Mr. Morse Hudson,Mrs. Hudson,[1.6348469228349534],
1382,1,Mr. Moulton,,,
1383,1,Mr. Munro,,,
1384,1,Mr. Mycroft Holmes,Mycroft Holmes,[1.8744746321952062],
1385,1,Mr. Nathan,,,
1386,1,Mr. Neville St.--Oh,,,
1387,1,Mr. Oberstein,,,
1388,1,Mr. Patrick Cairns,,,
1389,1,Mr. Peters,,,
1390,1,Mr. Pickwick,,,
1391,1,Mr. Price,,,
1392,1,Augustus Moran,,,
1393,1,Mr. John Hare,John Hare,[1.8164965809277263],
1394,1,Mr. Jeremy Dixon,,,
1395,1,Mr. Edmunds,,,
1396,1,Mr. Hilton Soames,,,
1397,1,Mr. Enoch Drebber,,,
1398,1,Mr. Enoch J. Drebber,,,
1399,1,Mr. Evans,,,
1400,1,Mr. Fairdale Hobbs,,,
1401,1,Mr. Farquhar,,,
1402,1,Mr. Fordham,Fordham,[1.7745966692414834],
1403,1,Mr. Harrison,,,
1404,1,Mr. Harry Pinner,,,
1405,1,Mr. Hayes,,,
1406,1,Mr. Heath Newton,,,
1407,1,Mr. Henry Baskerville,,,
1408,1,Mr. Henry Wood,,,
1409,1,Mr. Holmes [,,,
1410,1,Mr. Jeremiah Hayling,,,
1411,1,Mr. Homes,,,
1412,1,Mr. Hope,,,
1413,1,Mr. Hopkins,,,
1414,1,Mr. Hugo Oberstein,,,
1415,1,Mr. Huxtable,,,
1416,1,Mr. Hyam,,,
1417,1,Mr. Hynes Hynes,,,
1418,1,Mr. Inspector,,,
1419,1,Mr. Isa Whitney,,,
1420,1,Mr. Jack Croker,,,
1421,1,Mr. James Baker Williams,,,
1422,1,Mr. James Phillimore,,,
1423,1,Miss Fraser,,,
1424,1,Miss Edith Woodley,,,
1425,1,Beatrice Falder,,,
1426,1,Lauriston Gardens,,,
1427,1,Black Jack of Ballarat,,,
1428,1,Lady Clara St. Simon,,,
1429,1,Black Gorgiano,,,
1430,1,Lady Maynooth,,,
1431,1,Lafter Hall,,,
1432,1,Langdale,,,
1433,1,Langham,,,
1434,1,Lanner,Lanner,[2.0],
1435,1,Lascar,,,
1436,1,Lassus,,,
1437,1,Lauder,,,
1438,1,Laura Lyons,,,
1439,1,Le Brun,,,
1440,1,L. L.--but,,,
1441,1,Lefevre,,,
1442,1,Billy James,,,
1443,1,Leverstoke,,,
1444,1,Lhassa,,,
1445,1,Llama,,,
1446,1,Lomax,,,
1447,1,Long,,,
1448,1,Lookin,,,
1449,1,Louis La Rothiere,,,
1450,1,Bill,,,
1451,1,Lucretia Venucci,,,
1452,1,Biddle,,,
1453,1,Lady Beatrice Falder,,,
1454,1,Klein,,,
1455,1,Miss Brenda Tregennis,,,
1456,1,Jose,Joseph Smith,[1.5222329678670934],
1457,1,John McGinty,,,
1458,1,John Morland,,,
1459,1,John Robinson,,,
1460,1,John Sholto,,,
1461,1,Blount,,,
1462,1,John Underwood,,,
1463,1,John Vincent Harden,,,
1464,1,John Warner,,,
1465,1,Johnnie,,,
1466,1,Johnny Hones,,,
1467,1,Johnston,,,
1468,1,Blondin,,,
1469,1,Black Tor,,,
1470,1,Kitty Winter,,,
1471,1,Joshua Stone,,,
1472,1,Josiah Barnes,,,
1473,1,Josiah H. Dunn,,,
1474,1,Juan Murillo,,,
1475,1,Jules,,,
1476,1,Junker,,,
1477,1,Kaiser,,,
1478,1,Kate Whitney,,,
1479,1,Kemball,,,
1480,1,Keswick,,,
1481,1,Khalifa,,,
1482,1,King,,,
1483,1,Lucy adieu,,,
1484,1,Lynch,,,
1485,1,M. Henri Fournaye,,,
1486,1,Merivale,Merivale,[2.0],
1487,1,Marylebone Lane,,,
1488,1,Masser Perkins,,,
1489,1,Master Holmes,,,
1490,1,Mathews,,,
1491,1,Maud Bellamy,,,
1492,1,Maudie,,,
1493,1,Maudsley,,,
1494,1,ABE SLANEY,,,
1495,1,Bentley,,,
1496,1,Ben,,,
1497,1,McMurdo the Scowrer,,,
1498,1,McQuire,,,
1499,1,Merrow,,,
1500,1,Maberley,,,
1501,1,Merryweather,Mr. Merryweather,[1.8563488385776754],
1502,1,Messrs. Lestrade,Lestrade,[1.6831300510639733],
1503,1,Meyers,,,
1504,1,Michael,,,
1505,1,Middleton,,,
1506,1,Miles McLaren,,,
1507,1,Millar,,,
1508,1,Milman,,,
1509,1,Mincing Lane,,,
1510,1,Miss Adler,,,
1511,1,Miss Alice Rucastle,,,
1512,1,Miss Bellamy,,,
1513,1,Mary--Mary Fraser,,,
1514,1,Mary herself--and,,,
1515,1,Mary Morstan,Mary,[1.5222329678670934],
1516,1,Mary Maberley,,,
1517,1,Mac,,,
1518,1,Beryl Garcia,,,
1519,1,Mackleton,,,
1520,1,Madam Derbyshire,,,
1521,1,Madame Charpentier,,,
1522,1,Madame Lesurier,,,
1523,1,Mademoiselle,,,
1524,1,Mahomet,Mahomet Singh,[1.7071067811865475],
1525,1,Mahratta,,,
1526,1,Major Freebody,Freebody,[1.7337993857053429],
1527,1,Malthus,,,
1528,1,Manders,,,
1529,1,Mansel,,,
1530,1,Manson,,,
1531,1,Marcini,,,
1532,1,Maria Pinto,,,
1533,1,Marie Devine,,,
1534,1,Mark,,,
1535,1,Marley Creek,,,
1536,1,Bertillon,,,
1537,1,Marvin of the Chicago Central,,,
1538,1,Marvin--he,,,
1539,1,Bert Stevens,,,
1540,1,Mary Fraser,Mary,[1.547722557505166],
1541,1,Mary Jane,Mary / Mary Jane,"[1.6123724356957947, 2.0]",
1542,1,--you,,,
